Compound,Date,Negative,Neutral,Positive,Tweet,User
-0.2263,Fri Aug 24 18:04:53 +0000 2018,0.101,0.899,0.0,RT @CNNPolitics: BREAKING: President Donald Trump cancels Secretary of State Mike Pompeo's latest trip to North Korea https://t.co/WJTlAGSn…,@CNNbrk
0.0,Fri Aug 24 17:12:36 +0000 2018,0.0,1.0,0.0,"Zimbabwe's constitutional court upholds President Mnangagwa's victory in the July 30 election. Mnangagwa, 75, took… https://t.co/vmlegTTbKw",@CNNbrk
-0.2023,Fri Aug 24 16:31:22 +0000 2018,0.096,0.904,0.0,RT @CNNPolitics: Former Director of the CDC Tom Frieden has been charged with forcibly touching a woman https://t.co/drCwNv1Woo https://t.c…,@CNNbrk
0.7506,Fri Aug 24 16:25:43 +0000 2018,0.0,0.697,0.303,"""Lifestyles of the Rich and Famous"" host Robin Leach, who regaled audiences with talk of ""champagne wishes and cavi… https://t.co/5ic2YAILL0",@CNNbrk
-0.8481,Fri Aug 24 15:12:03 +0000 2018,0.351,0.649,0.0,"Sen. John McCain has chosen to stop receiving medical treatment in his battle with brain cancer, his family says… https://t.co/iEeUOLUwtr",@CNNbrk
0.4215,Fri Aug 24 13:45:47 +0000 2018,0.0,0.84,0.16,"RT @CNNMoney: Markets open modestly higher as investors await Fed chairman’s speech from Jackson Hole, Wyoming. Dow gains 80 points; S&amp;P 50…",@CNNbrk
0.0,Fri Aug 24 13:43:47 +0000 2018,0.0,1.0,0.0,Hurricane Lane is drenching parts of Hawaii with life-threatening amounts of rain as it crawls toward the state. Fo… https://t.co/GnqmfZH1YP,@CNNbrk
-0.705,Fri Aug 24 13:04:04 +0000 2018,0.268,0.732,0.0,A controversial plan to close all but two polling places in a majority-black Georgia county is rejected in a meetin… https://t.co/XcdbH3rNNY,@CNNbrk
-0.6705,Fri Aug 24 10:49:47 +0000 2018,0.231,0.769,0.0,"Saudi-led coalition airstrikes killed 30 people, including 22 children, in a rebel-held area in northwestern Yemen,… https://t.co/7yqzypOlwX",@CNNbrk
0.0,Fri Aug 24 03:17:46 +0000 2018,0.0,1.0,0.0,Scott Morrison set to become Australia's 30th prime minister following a leadership vote that ends a week of chaos… https://t.co/KEPGiqgRjW,@CNNbrk
0.0,Fri Aug 24 01:18:02 +0000 2018,0.0,1.0,0.0,Hurricane Lane has been downgraded to a Category 3 storm after heavy rain swept across parts of Hawaii's Big Island… https://t.co/dCx69qdLVP,@CNNbrk
-0.1531,Thu Aug 23 23:06:54 +0000 2018,0.175,0.68,0.146,"Lynyrd Skynyrd guitarist Ed King, who co-wrote the hit ""Sweet Home Alabama,"" has died https://t.co/cKJ6wulCUv https://t.co/npJk9SCDTH",@CNNbrk
-0.5574,Thu Aug 23 20:27:11 +0000 2018,0.167,0.833,0.0,A preliminary report from the autopsy on Mollie Tibbetts' body found that she died from multiple sharp force injuri… https://t.co/sBMtlbGHYd,@CNNbrk
-0.5106,Thu Aug 23 20:26:30 +0000 2018,0.177,0.823,0.0,RT @CNNMoney: Markets edge lower. Dow falls 77 points. S&amp;P 500 dips 0.2%. Victoria's Secret owner L Brands sinks 11% after slashing outlook…,@CNNbrk
0.0598,Thu Aug 23 18:24:00 +0000 2018,0.094,0.802,0.104,"GOP Rep. Duncan Hunter and his wife, Margaret, pleaded not guilty to federal charges they stole a quarter million d… https://t.co/rVjNhlzyZU",@CNNbrk
0.25,Thu Aug 23 18:14:18 +0000 2018,0.0,0.895,0.105,National Enquirer publisher David Pecker was granted immunity in the Michael Cohen probe in exchange for informatio… https://t.co/NTme6zTHqd,@CNNbrk
-0.34,Thu Aug 23 15:38:50 +0000 2018,0.267,0.593,0.141,Ex-NSA contractor Reality Winner is sentenced to more than five years in prison after pleading guilty to leaking in… https://t.co/brSpoOSmQP,@CNNbrk
-0.4019,Thu Aug 23 13:39:15 +0000 2018,0.163,0.837,0.0,RT @CNNMoney: Markets drift lower. Dow falls 60 points. Nasdaq opens flat. Victoria's Secret owner L Brands sinks 7% after cutting outlook.…,@CNNbrk
-0.8834,Thu Aug 23 12:14:36 +0000 2018,0.352,0.648,0.0,"A man who killed two people and injured a third in a knife attack in Trappes, France, was on a watch list that is f… https://t.co/bZ3H1mgPIL",@CNNbrk
0.0,Thu Aug 23 11:03:10 +0000 2018,0.0,1.0,0.0,"RT @CNNPolitics: President Trump says flipping should almost ""be outlawed"" https://t.co/1XMaCgXdaY https://t.co/hhKyqN6ryK",@CNNbrk
-0.743,Thu Aug 23 10:59:12 +0000 2018,0.283,0.717,0.0,"RT @CNNPolitics: President Trump says the felony counts that Michael Cohen pleaded guilty to ""weren't crimes"" https://t.co/2FRuEQQK2D https…",@CNNbrk
-0.9246,Thu Aug 23 09:33:37 +0000 2018,0.441,0.559,0.0,"Two people were killed and one badly injured in a knife attack in Trappes, a suburb west of Paris, according to Fra… https://t.co/hXAPu5joSd",@CNNbrk
-0.4767,Thu Aug 23 01:28:39 +0000 2018,0.147,0.853,0.0,Ohio State University head football coach Urban Meyer suspended for three games over his handling of spousal abuse… https://t.co/i40Qf8FSGf,@CNNbrk
-0.4215,Wed Aug 22 18:33:48 +0000 2018,0.141,0.859,0.0,Watch live: Sarah Sanders talks to reporters after Mueller's courtroom victory and a guilty plea that implicated Tr… https://t.co/qC5utNfZkL,@CNNbrk
0.0,Wed Aug 22 16:21:44 +0000 2018,0.0,1.0,0.0,RT @CNNPolitics: The Democratic National Committee calls the FBI after detecting an attempt to hack its voter database https://t.co/batTbHZ…,@CNNbrk
-0.4939,Wed Aug 22 13:37:18 +0000 2018,0.208,0.792,0.0,Venezuelan officials say no injuries or deaths have been reported after a magnitude 7.3 earthquake struck near Yagu… https://t.co/lWiCPurdM6,@CNNbrk
0.2006,Wed Aug 22 13:36:45 +0000 2018,0.149,0.709,0.142,RT @CNNMoney: Dow opens slightly lower as markets looks past Trump turmoil. Nasdaq dips 0.1%. Target jumps 6% on best quarter in 13 years.…,@CNNbrk
0.0,Wed Aug 22 00:09:10 +0000 2018,0.0,1.0,0.0,"Facebook has taken down 652 pages, accounts and groups it says were part of a coordinated disinformation campaign.… https://t.co/nqWpHvoExd",@CNNbrk
-0.0516,Tue Aug 21 22:23:46 +0000 2018,0.091,0.826,0.083,"Rep. Duncan Hunter and his wife were indicted on charges related to the misuse of $250,000 worth of campaign funds… https://t.co/MqFTJhmgON",@CNNbrk
-0.743,Tue Aug 21 21:35:11 +0000 2018,0.296,0.704,0.0,"Trump's ex-attorney Michael Cohen pleads guilty to violating campaign finance laws, saying he acted ""in coordinatio… https://t.co/xEayGK5QCy",@CNNbrk
-0.6486,Tue Aug 21 21:16:08 +0000 2018,0.218,0.782,0.0,A man has been arrested in the case of missing college student Mollie Tibbetts after a body believed to be hers was… https://t.co/hT3I893si6,@CNNbrk
-0.8979,Tue Aug 21 21:08:23 +0000 2018,0.391,0.609,0.0,Suspected Golden State Killer Joseph James DeAngelo will be tried on multiple murder counts in a single trial in Sa… https://t.co/HKCHZcFAP7,@CNNbrk
-0.7351,Tue Aug 21 20:44:31 +0000 2018,0.246,0.754,0.0,Former Trump aide Paul Manafort is found guilty on eight counts at his criminal trial. The judge has declared a mis… https://t.co/dIvq3lGzu0,@CNNbrk
0.128,Tue Aug 21 20:38:56 +0000 2018,0.0,0.884,0.116,"The jury in the trial of former Trump campaign chairman Paul Manafort has reached a verdict on eight counts, but ca… https://t.co/AANGWzsL4b",@CNNbrk
0.1531,Tue Aug 21 20:16:00 +0000 2018,0.138,0.691,0.17,A plane carrying Post Malone successfully made an emergency landing after experiencing issues during takeoff… https://t.co/GRLmwH5KZV,@CNNbrk
0.0,Tue Aug 21 19:03:42 +0000 2018,0.0,1.0,0.0,Ex-Trump attorney Michael Cohen surrenders to the FBI ahead of court proceeding where the government is expected to… https://t.co/I6ZctfEfHp,@CNNbrk
0.0,Tue Aug 21 18:06:06 +0000 2018,0.0,1.0,0.0,A private Gulfstream jet has been diverted to a Massachusetts airport after it blew two tires upon takeoff in New J… https://t.co/scKhwFpbtK,@CNNbrk
-0.8074,Tue Aug 21 17:25:38 +0000 2018,0.454,0.546,0.0,Michael Cohen is in talks to plead guilty to criminal charges https://t.co/WulpM6wFuz https://t.co/CIzI7QIagW,@CNNbrk
-0.0191,Tue Aug 21 16:09:34 +0000 2018,0.049,0.951,0.0,Judge tells jurors in the Manafort trial to keep talking after they ask what would happen if they can't reach a ver… https://t.co/xDdOrpa6wC,@CNNbrk
0.0,Tue Aug 21 15:30:03 +0000 2018,0.0,1.0,0.0,Jurors in the Paul Manafort trial have submitted another note to the judge. Follow live updates:… https://t.co/DT9abow5ux,@CNNbrk
0.0,Tue Aug 21 15:09:58 +0000 2018,0.0,1.0,0.0,Update: A news conference is planned for 5 p.m. ET after authorities investigating the disappearance of Mollie Tibb… https://t.co/JcVO0TvNM0,@CNNbrk
0.0,Tue Aug 21 14:56:46 +0000 2018,0.0,1.0,0.0,Authorities investigating the disappearance of Mollie Tibbetts say a body has been discovered in rural Iowa. A news… https://t.co/Kaw1mgz61w,@CNNbrk
0.0,Tue Aug 21 14:36:55 +0000 2018,0.0,1.0,0.0,RT @CNNPolitics: The EPA rolls back Obama-era coal pollution rules as President Trump heads to West Virginia https://t.co/MndqxtrdAp https:…,@CNNbrk
0.0,Tue Aug 21 14:03:38 +0000 2018,0.0,1.0,0.0,"Authorities in Iowa plan a 6 p.m. ET news conference on the search for Mollie Tibbetts, the 20-year-old student las… https://t.co/T71hc7ky1h",@CNNbrk
0.6908,Tue Aug 21 13:46:20 +0000 2018,0.0,0.787,0.213,"RT @CNNMoney: Dow gains 60 points. S&amp;P 500 and Nasdaq advance 0.3%. Charles Schwab, E*Trade sink 4% after JPMorgan unveils free online trad…",@CNNbrk
0.0,Tue Aug 21 11:33:38 +0000 2018,0.0,1.0,0.0,Italian interior minister Salvini refuses to let 177 migrants disembark an Italian Coast Guard ship in Sicily witho… https://t.co/H9BgNULBuu,@CNNbrk
-0.5267,Tue Aug 21 07:15:06 +0000 2018,0.154,0.787,0.059,"Russia will stage the its largest war games since the fall of the Soviet Union next month, the country's Defense Mi… https://t.co/a12NhbxXa8",@CNNbrk
-0.4019,Tue Aug 21 04:36:29 +0000 2018,0.13,0.87,0.0,The Russian group that hacked the Democratic National Committee in 2016 has now targeted US Senate and conservative… https://t.co/fgFq2ahZLA,@CNNbrk
0.0258,Tue Aug 21 02:18:41 +0000 2018,0.136,0.723,0.14,"Senior US official expresses confidence that the master bombmaker behind the ""underwear bomb"" attempt to blow up a… https://t.co/kwOVUUaBd5",@CNNbrk
-0.7717,Tue Aug 21 01:07:52 +0000 2018,0.372,0.628,0.0,Law enforcement authorities are searching for a man who's suspected of threatening to shoot President Trump… https://t.co/srzGxWyU3l,@CNNbrk
-0.6124,Mon Aug 20 23:05:20 +0000 2018,0.192,0.808,0.0,RT @CNNSitRoom: President Trump says he's concerned about potential perjury charges that could be brought against him if he were to sit dow…,@CNNbrk
-0.2023,Mon Aug 20 21:59:13 +0000 2018,0.083,0.917,0.0,"A Colorado man has been charged in the deaths of his pregnant wife and their two young daughters, court filings sho… https://t.co/W3aZ4rSnXx",@CNNbrk
-0.5574,Mon Aug 20 21:02:09 +0000 2018,0.153,0.847,0.0,"At least eight have died after heavy rain caused flooding in the southern Italian region of Calabria, an official t… https://t.co/FDjE3GMYZS",@CNNbrk
0.0,Mon Aug 20 20:36:17 +0000 2018,0.0,1.0,0.0,The President is unnerved he didn't know the full extent of the discussions White House counsel Don McGahn had with… https://t.co/ZtE707rMJt,@CNNbrk
0.1516,Mon Aug 20 20:30:57 +0000 2018,0.112,0.747,0.14,"Trump goes after the Fed again, saying he's ""not thrilled"" with Chairman Powell for raising interest rates… https://t.co/eGUSku6Nl7",@CNNbrk
-0.872,Mon Aug 20 16:58:49 +0000 2018,0.398,0.602,0.0,A helicopter crash in Iraq killed one American service member and injured several other personnel in the coalition… https://t.co/0D6rNJDGt8,@CNNbrk
0.0,Mon Aug 20 14:29:07 +0000 2018,0.0,1.0,0.0,Judge T.S. Ellis is speaking under seal with both teams of lawyers in the Paul Manafort trial as jurors resume deli… https://t.co/dWY4SXjmJc,@CNNbrk
-0.6486,Mon Aug 20 13:02:19 +0000 2018,0.202,0.798,0.0,"Incident involving a knife-wielding man who was shot dead after he entered a police station in Cornella, Spain, is… https://t.co/OU2kyoFs3p",@CNNbrk
-0.8214,Mon Aug 20 11:08:50 +0000 2018,0.256,0.744,0.0,"RT @CNN: JUST IN: Pope Francis addresses latest sexual abuse claims: ""I acknowledge once more the suffering endured by many minors due to s…",@CNNbrk
-0.6705,Mon Aug 20 10:47:37 +0000 2018,0.209,0.791,0.0,"A female shooter and a male employee were shot and killed at a distribution plant in Texas, a Missouri City spokesw… https://t.co/ac3wAi5gJW",@CNNbrk
0.0,Mon Aug 20 10:37:47 +0000 2018,0.0,1.0,0.0,"Taliban insurgents are holding more than 20 bus passengers in Afghanistan's northern province of Kunduz, provincial… https://t.co/qCxWkULmSf",@CNNbrk
0.0,Mon Aug 20 08:55:04 +0000 2018,0.0,1.0,0.0,RT @CNNMoney: Pepsi is buying SodaStream for $3.2 billion https://t.co/L1U9ea5IBD https://t.co/YOo1lDZTr1,@CNNbrk
-0.1027,Mon Aug 20 08:55:00 +0000 2018,0.104,0.896,0.0,RT @CNNMoney: Greece is finally done with its epic bailout binge https://t.co/6ThWRupYqS https://t.co/SnH6EvBluX,@CNNbrk
0.0,Mon Aug 20 02:57:12 +0000 2018,0.0,1.0,0.0,A group of mostly elderly South Koreans crossed into North Korea Monday to reunite with family members many haven't… https://t.co/oa8FYtdR77,@CNNbrk
-0.6705,Mon Aug 20 02:41:20 +0000 2018,0.268,0.732,0.0,"Federal prosecutors are preparing criminal charges against former Trump lawyer Michael Cohen, who is being investig… https://t.co/S4EDoH5pET",@CNNbrk
0.0,Mon Aug 20 01:34:58 +0000 2018,0.0,1.0,0.0,Trump's lawyers didn't ask for and didn't receive a full accounting of what White House counsel Don McGahn told Mue… https://t.co/4ITk0RlFrp,@CNNbrk
0.4215,Mon Aug 20 00:57:49 +0000 2018,0.0,0.877,0.123,A British woman was rescued by the Croatian Coast Guard after spending what she said was close to 10 hours treading… https://t.co/UaabIgYa5d,@CNNbrk
0.0,Sun Aug 19 23:20:05 +0000 2018,0.0,1.0,0.0,Iran's foreign minister says the US has an addiction to sanctions. He also said the nuclear deal could be revived r… https://t.co/ORdJYMOsjO,@CNNbrk
0.0,Sun Aug 19 20:38:30 +0000 2018,0.0,1.0,0.0,"Afghan President announces a monthlong ceasefire against the Taliban, which said it will release hundreds of prison… https://t.co/KkcwT5lf2k",@CNNbrk
-0.128,Sun Aug 19 19:24:21 +0000 2018,0.105,0.813,0.081,A man accused of undressing and fondling a Spirit Airlines passenger while she was asleep has been convicted of sex… https://t.co/pKsQNr6TZW,@CNNbrk
0.34,Sun Aug 19 18:45:06 +0000 2018,0.0,0.882,0.118,"White House national security adviser John Bolton says China, Iran and North Korea meddling in the midterm election… https://t.co/NIXSLt8Hoa",@CNNbrk
-0.4588,Sun Aug 19 16:29:09 +0000 2018,0.165,0.748,0.087,Twitter CEO Jack Dorsey wouldn’t commit to a timetable for cleaning up the social media site overrun by abuse and s… https://t.co/lsJusv7E2v,@CNNbrk
0.0,Sun Aug 19 14:17:52 +0000 2018,0.0,1.0,0.0,"Egyptian President Abdel Fattah el-Sisi signed a new law tightening the government's control of the internet, state… https://t.co/Ed3bCCIkMV",@CNNbrk
-0.8225,Sun Aug 19 13:30:54 +0000 2018,0.368,0.536,0.096,Montana Democratic Gov. Steve Bullock says he “would” support an assault weapons ban: “Everybody wants to keep them… https://t.co/292CgwBGHa,@CNNbrk
0.4767,Sun Aug 19 13:16:53 +0000 2018,0.0,0.853,0.147,Former Director of National Intelligence James Clapper: “The common denominator among all of us that have been spea… https://t.co/WodUGYI1M1,@CNNbrk
-0.4404,Sun Aug 19 01:59:18 +0000 2018,0.127,0.873,0.0,At least 14 people were sent to the hospital Saturday after a storm damaged an Oklahoma concert venue hosting the B… https://t.co/3kseufkWMU,@CNNbrk
-0.5267,Sun Aug 19 01:27:18 +0000 2018,0.206,0.794,0.0,A massive 8.2 magnitude earthquake has struck in the middle of the Pacific. The Pacific Tsunami Warning Center says… https://t.co/947FrdP2Ri,@CNNbrk
0.7906,Sat Aug 18 09:48:15 +0000 2018,0.123,0.514,0.363,"Former UN Secretary-General and Nobel Peace Prize winner Kofi Annan has died at age 80, a UN agency confirms.… https://t.co/w6LtEsEoQN",@CNNbrk
-0.296,Sat Aug 18 02:04:52 +0000 2018,0.099,0.901,0.0,Police say three bodies found this week in Colorado are those of a missing pregnant woman and her two daughters. He… https://t.co/D82tIBKmkQ,@CNNbrk
-0.4404,Sat Aug 18 01:24:50 +0000 2018,0.253,0.531,0.216,Special counsel prosecutors want a six-month sentence for an ex-Trump campaign aide who pleaded guilty to lying to… https://t.co/CQeZDhxd7g,@CNNbrk
-0.3612,Fri Aug 17 22:51:41 +0000 2018,0.128,0.872,0.0,"The funeral for Aretha Franklin will be held August 31 in Detroit, according to the singer's publicist… https://t.co/aqHZTSOmv5",@CNNbrk
-0.4404,Fri Aug 17 22:25:08 +0000 2018,0.221,0.681,0.098,RT @CNNMoney: The Department of Housing and Urban Development is accusing Facebook of violating the Fair Housing Act https://t.co/AtqDi07Oh…,@CNNbrk
0.0,Fri Aug 17 21:12:10 +0000 2018,0.0,1.0,0.0,Judge T.S. Ellis has dismissed the jury in the Manafort trial for the weekend. They return for further deliberation… https://t.co/UCqIWCTR2q,@CNNbrk
-0.6908,Fri Aug 17 19:01:21 +0000 2018,0.241,0.759,0.0,The judge presiding over the trial of Paul Manafort said he's received threats and denied media requests to disclos… https://t.co/0weTUe7mvY,@CNNbrk
-0.34,Fri Aug 17 13:45:16 +0000 2018,0.124,0.876,0.0,"RT @CNNPolitics: President Trump says he canceled the military parade over the ""ridiculously high"" cost estimate https://t.co/4nnPlw4fXR ht…",@CNNbrk
0.0,Fri Aug 17 12:53:39 +0000 2018,0.0,1.0,0.0,RT @CNNMoney: President Trump asks SEC to study abolishing quarterly earnings reports https://t.co/ds5mhTLn1J https://t.co/N9k71ee4pu,@CNNbrk
-0.0772,Fri Aug 17 00:07:04 +0000 2018,0.085,0.845,0.07,The Department of Defense says the military parade originally scheduled for Veterans Day will be postponed to at le… https://t.co/XhkxtBlXqG,@CNNbrk
0.0,Thu Aug 16 21:23:34 +0000 2018,0.0,1.0,0.0,The jury weighing the fate of former Trump campaign manager Paul Manafort will continue its deliberations Friday… https://t.co/sl23VzjgGK,@CNNbrk
-0.6369,Thu Aug 16 20:06:58 +0000 2018,0.189,0.811,0.0,"The Vatican breaks its silence on the report detailing decades of abuse by Pennsylvania priests, calling it ""crimin… https://t.co/1He6BkitGa",@CNNbrk
-0.8979,Thu Aug 16 19:23:22 +0000 2018,0.353,0.647,0.0,"Al Qaeda bomb maker behind the ""underwear bomb"" attempt to blow up a US airliner in 2009 may have been killed, UN t… https://t.co/MdXKRozWOB",@CNNbrk
0.296,Thu Aug 16 17:41:35 +0000 2018,0.068,0.812,0.12,"Oprah Winfrey paid tribute to Aretha Franklin by sharing a photograph of the pair with the caption, ""We will miss y… https://t.co/3b2apraTiF",@CNNbrk
0.7096,Thu Aug 16 15:24:20 +0000 2018,0.0,0.753,0.247,"Rock &amp; Roll Hall of Fame remembers Aretha Franklin as ""an artist of passion, sophistication and command."" Follow li… https://t.co/BVKFdtKh4z",@CNNbrk
0.1027,Thu Aug 16 14:17:36 +0000 2018,0.154,0.643,0.204,"Aretha Franklin is dead at 76. She inspired generations and hits like ""Respect"" and ""Think"" stood for black and fem… https://t.co/tt5YT721LT",@CNNbrk
-0.7269,Thu Aug 16 04:54:06 +0000 2018,0.243,0.757,0.0,"Two women charged with murdering Kim Jong Nam, the half-brother of North Korean leader Kim Jong Un, will remain in… https://t.co/tcWd55B7hu",@CNNbrk
0.4215,Thu Aug 16 02:42:34 +0000 2018,0.0,0.833,0.167,RT @CNNMoney: China says trade talks with the United States are back on https://t.co/ic4GVyJTqi https://t.co/eHNCuH9ofz,@CNNbrk
0.0,Wed Aug 15 22:55:45 +0000 2018,0.0,1.0,0.0,Jury will begin deliberating on Thursday morning whether to convict former Trump campaign manager Paul Manafort of… https://t.co/iHvMJpcvLQ,@CNNbrk
0.34,Wed Aug 15 18:56:51 +0000 2018,0.0,0.862,0.138,"President Trump revokes security clearance of ex-CIA director John Brennan, citing his ""increasingly frenzied comme… https://t.co/STXx47f3Yq",@CNNbrk
-0.936,Wed Aug 15 17:38:18 +0000 2018,0.457,0.543,0.0,"A suicide attack in the Afghan capital of Kabul killed at least 48 people, an official said. There was no immediate… https://t.co/HIC61Ar9e5",@CNNbrk
-0.4019,Wed Aug 15 14:16:15 +0000 2018,0.153,0.847,0.0,Closing arguments begin in the trial of ex-Trump campaign chairman Paul Manafort. Follow live updates:… https://t.co/M6IOHv1oRk,@CNNbrk
-0.3182,Wed Aug 15 13:38:48 +0000 2018,0.091,0.909,0.0,"RT @CNNMoney: Stocks slump at the open. Dow loses 160 points, or 0.6%. Nasdaq drops 0.8%. Macy's falls 8% despite raising outlook. Watch li…",@CNNbrk
0.0274,Fri Aug 24 19:36:00 +0000 2018,0.156,0.68,0.164,".@VP: ""America will not ever abandon the critical domain of space."" https://t.co/p9lTZ9hfCK",@FoxNews
0.0,Fri Aug 24 19:35:11 +0000 2018,0.0,1.0,0.0,.@POTUS arrives in Ohio. (Courtesy: WBNS) https://t.co/Uvod7IcoZ2,@FoxNews
-0.4939,Fri Aug 24 19:29:33 +0000 2018,0.198,0.802,0.0,.@POTUS renewed pressure Friday on Jeff Sessions to investigate the actions of his adversaries after the attorney g… https://t.co/M0KiapVVtX,@FoxNews
0.0,Fri Aug 24 19:19:44 +0000 2018,0.0,1.0,0.0,.@TheJuanWilliams Presses @jasoninthehouse: Is GOP 'Calling for a Saturday Night Massacre'? #AmericasNewsroom https://t.co/JpO0jlnwX5,@FoxNews
0.0,Fri Aug 24 19:07:34 +0000 2018,0.0,1.0,0.0,A Montana restaurant offers a percentage off your birthday dinner based on your age. So a 109-year-old woman actual… https://t.co/mzoqkntviO,@FoxNews
-0.5574,Fri Aug 24 18:56:00 +0000 2018,0.265,0.735,0.0,Palau taking new approach to tourism following China's travel ban https://t.co/LYWwgHnUAV,@FoxNews
0.0,Fri Aug 24 18:54:02 +0000 2018,0.0,1.0,0.0,RT @FoxBusiness: Parents expect kids to foot more of their college bill: Study https://t.co/6hr5ewqZ9h,@FoxNews
-0.6597,Fri Aug 24 18:49:01 +0000 2018,0.375,0.625,0.0,19 foreign nationals charged with illegal voting during 2016 election https://t.co/oLzLC1cx0p,@FoxNews
-0.296,Fri Aug 24 18:45:17 +0000 2018,0.091,0.909,0.0,"Ian Prior: ""One of the reasons why James Comey is no longer at the FBI is because he talked about ongoing investiga… https://t.co/7gyCejU6To",@FoxNews
-0.2023,Fri Aug 24 18:39:11 +0000 2018,0.096,0.904,0.0,".@gen_jackkeane on @POTUS cancelling NK trip: ""I think it's confirmation of what we've been receiving through intel… https://t.co/w1E1mNZ1pq",@FoxNews
0.0,Fri Aug 24 18:32:21 +0000 2018,0.0,1.0,0.0,"What may be the world's most expensive Ford Pinto sold for $33,000 https://t.co/bMQ6KPTUNW",@FoxNews
0.0,Fri Aug 24 18:21:24 +0000 2018,0.0,1.0,0.0,Air Force One departs Joint Base Andrews  https://t.co/YL4XBpoQV1,@FoxNews
0.0,Fri Aug 24 18:19:01 +0000 2018,0.0,1.0,0.0,Dairy farm turns to GoFundMe for survival https://t.co/TNRi7A16qe,@FoxNews
0.5423,Fri Aug 24 17:54:34 +0000 2018,0.0,0.743,0.257,".@RepChrisStewart: ""I know @POTUS is committed to engaging with them. I know @SecPompeo is."" #OutnumberedOT https://t.co/bMpIbTESiP",@FoxNews
-0.25,Fri Aug 24 17:49:18 +0000 2018,0.154,0.846,0.0,"Trump urges Secretary of State Pompeo to cancel North Korea trip
https://t.co/8Dn9PTnGLy",@FoxNews
0.7506,Fri Aug 24 17:44:20 +0000 2018,0.0,0.652,0.348,JUST IN: Ohio GOP state Sen. Troy Balderson wins US House special election https://t.co/Eu3YazPgK1,@FoxNews
0.0,Fri Aug 24 17:42:26 +0000 2018,0.0,1.0,0.0,"BREAKING: President @realDonaldTrump: ""I have asked Secretary of State Mike Pompeo not to go to North Korea, at thi… https://t.co/tw7jDPE6PL",@FoxNews
0.0,Fri Aug 24 17:33:18 +0000 2018,0.0,1.0,0.0,"Thomas Homan: ""We need to enforce the law."" #OutnumberedOT https://t.co/h0Bor5oPmo",@FoxNews
0.0,Fri Aug 24 17:31:45 +0000 2018,0.0,1.0,0.0,.@VP Mike Pence delivers remarks at the Republican National Lawyers Association Summer Luncheon.  https://t.co/AAlkWKHv6p,@FoxNews
0.0,Fri Aug 24 17:27:37 +0000 2018,0.0,1.0,0.0,"In this photo taken Thursday, Aug. 23, 2018, Mount Etna volcano spews lava during an eruption. Mount Etna in Sicily… https://t.co/7WUYvqQPRK",@FoxNews
0.5106,Fri Aug 24 17:26:06 +0000 2018,0.0,0.769,0.231,Kansas Chick-fil-A barring 'professional campers' from scoring free food for a year https://t.co/lwGWvmAe5Q,@FoxNews
0.0,Fri Aug 24 17:16:49 +0000 2018,0.0,1.0,0.0,.@JohnKerry tweets about Sen. John McCain. https://t.co/27TPc1Pl0D https://t.co/xbm3Zm9LP6,@FoxNews
0.296,Fri Aug 24 17:12:11 +0000 2018,0.0,0.845,0.155,Sony reportedly admits it faked several Michael Jackson songs on posthumous album https://t.co/R478k1335T,@FoxNews
0.7003,Fri Aug 24 16:58:00 +0000 2018,0.0,0.746,0.254,".@RepMarkWalker: ""It probably is time for Jeff to maybe transition. I hope that's his decision. I hope it doesn't c… https://t.co/oOes0uYokf",@FoxNews
0.4939,Fri Aug 24 16:54:00 +0000 2018,0.0,0.758,0.242,"On @foxandfriends, @cvpayne praised the U.S. economy under President @realDonaldTrump. https://t.co/GDkRi5BthF",@FoxNews
0.0,Fri Aug 24 16:44:00 +0000 2018,0.0,1.0,0.0,".@LisaMarieBoothe: ""A Fox News Poll shows that the majority of Americans say that they are either very or somewhat… https://t.co/VtSSqiLbrs",@FoxNews
-0.0258,Fri Aug 24 16:42:18 +0000 2018,0.185,0.637,0.178,'It's Really Quite Disgusting': @benshapiro Slams Attacks on @VP's Christian Faith https://t.co/XpKAVaZVmu,@FoxNews
-0.25,Fri Aug 24 16:38:33 +0000 2018,0.154,0.846,0.0,".@dagenmcdowell: ""Looking at the inaction, you can smell the fecklessness."" #Outnumbered https://t.co/hhS9kbdrlU",@FoxNews
0.5574,Fri Aug 24 16:37:48 +0000 2018,0.0,0.66,0.34,Supreme Court decisions could curb campus censorship https://t.co/et0fjauiLL,@FoxNews
-0.7003,Fri Aug 24 16:37:18 +0000 2018,0.329,0.571,0.1,"Instagram fitness model killed moped rider while drunk and high before fleeing, police say https://t.co/cg6FbKayi6",@FoxNews
0.3612,Fri Aug 24 16:27:03 +0000 2018,0.0,0.706,0.294,Do you agree with @NancyPelosi? https://t.co/9BWsBQB2NR https://t.co/we7vtuzrRD,@FoxNews
0.0,Fri Aug 24 16:25:02 +0000 2018,0.0,1.0,0.0,".@RCamposDuffy: ""Why hasn't [AG Sessions] gone after @HillaryClinton?"" #Outnumbered https://t.co/Z0ZjxhM4nB",@FoxNews
0.0,Fri Aug 24 16:13:11 +0000 2018,0.0,1.0,0.0,"People watch the sunset on Waikiki Beach ahead of Hurricane Lane, Thursday, Aug. 23, in Honolulu. https://t.co/fhp1OSCg3u",@FoxNews
-0.6597,Fri Aug 24 16:10:32 +0000 2018,0.328,0.672,0.0,John McCain to discontinue medical treatment for brain cancer https://t.co/HTaiS8BRKk,@FoxNews
0.8519,Fri Aug 24 16:01:54 +0000 2018,0.0,0.542,0.458,"On Twitter, @IvankaTrump celebrated the economy and employment opportunity in the United States. https://t.co/heAeTieL04",@FoxNews
0.0,Fri Aug 24 15:56:37 +0000 2018,0.0,1.0,0.0,.@MittRomney tweets about Sen. John McCain. https://t.co/27TPc1Pl0D https://t.co/fCFBB0mFGs,@FoxNews
-0.7269,Fri Aug 24 15:48:40 +0000 2018,0.264,0.736,0.0,"Art Del Cueto: ""It's ridiculous to say we can't talk about about [Cristhian Rivera] being an illegal alien."" https://t.co/iJmlzzbdmc",@FoxNews
0.0,Fri Aug 24 15:34:28 +0000 2018,0.0,1.0,0.0,"Moments ago, @SenateMajLdr sent a message to Sen. John McCain. https://t.co/27TPc1Pl0D https://t.co/4BwirXnEPk",@FoxNews
-0.1779,Fri Aug 24 15:19:40 +0000 2018,0.196,0.639,0.164,"JUST IN: Robin Leach, ‘Lifestyles of the Rich and Famous’ host, dead at 76 https://t.co/UVTMtrt5JM https://t.co/iEzzLNjKtg",@FoxNews
0.0,Fri Aug 24 15:14:22 +0000 2018,0.0,1.0,0.0,".@BretBaier: ""If you think of any other figure in American history and political life who has spent his life servin… https://t.co/aKqmY5kuWC",@FoxNews
-0.296,Fri Aug 24 15:12:15 +0000 2018,0.167,0.833,0.0,BREAKING NEWS: Sen. John McCain no longer seeking medical treatment. https://t.co/bZu1FJDJqb https://t.co/J6OiXwy9TR,@FoxNews
-0.296,Fri Aug 24 15:07:07 +0000 2018,0.18,0.82,0.0,BREAKING NEWS: Sen. John McCain no longer seeking medical treatment. https://t.co/Blw9dSenCL,@FoxNews
0.0,Fri Aug 24 15:04:10 +0000 2018,0.0,1.0,0.0,.@POTUS and @FLOTUS to visit children’s hospital in Ohio @FoxFriendsFirst https://t.co/gOdONp6fgH,@FoxNews
0.3612,Fri Aug 24 15:03:50 +0000 2018,0.0,0.872,0.128,A group of whale watchers got a thrill when a humpback whale got awfully close during their tour in Alaska.… https://t.co/DVKCrfnDvg,@FoxNews
-0.8442,Fri Aug 24 14:56:08 +0000 2018,0.412,0.588,0.0,Tibbetts Murder Suspect's Atty Blasts 'Sad &amp; Sorry' Trump: 'Not Proper' to Interject in Case https://t.co/hMmqGqAhqw,@FoxNews
-0.5859,Fri Aug 24 14:45:27 +0000 2018,0.322,0.678,0.0,Florida candidate says alien abduction doesn't define her https://t.co/4mANWyLdJU,@FoxNews
0.7351,Fri Aug 24 14:45:08 +0000 2018,0.0,0.693,0.307,"California school district’s 'permissive' dress code welcoming tube tops, ripped jeans and pajamas sparks debate https://t.co/DEN9BlYq7K",@FoxNews
-0.8442,Fri Aug 24 14:35:00 +0000 2018,0.31,0.69,0.0,"Michelle Root, mother whose daughter Sarah was killed by an illegal immigrant: ""Until it happened to us, I didn't r… https://t.co/o9ZbiYtQoV",@FoxNews
0.5859,Fri Aug 24 14:32:30 +0000 2018,0.0,0.787,0.213,Two @YonkersPD officers jumped right in to see who would win a double dutch face-off. https://t.co/CxnX7B8dr6,@FoxNews
-0.4767,Fri Aug 24 14:30:31 +0000 2018,0.22,0.78,0.0,Texas man bitten by shark has flesh-eating bacteria related to attack https://t.co/UR5PRWfmWc,@FoxNews
0.7351,Fri Aug 24 14:30:00 +0000 2018,0.0,0.693,0.307,"California school district’s ‘permissive’ dress code welcoming tube tops, ripped jeans and pajamas sparks debate https://t.co/HNeIxMSFNP",@FoxNews
0.0,Fri Aug 24 14:25:00 +0000 2018,0.0,1.0,0.0,"Boy with autism will likely get to keep therapy ducks, report says https://t.co/WAMszQr8dY",@FoxNews
-0.5574,Fri Aug 24 14:23:26 +0000 2018,0.175,0.825,0.0,Retired Indy 500 driver Derek Daly fired from TV job for use of N-word 35 years ago https://t.co/ZkK5KON77F,@FoxNews
-0.802,Fri Aug 24 14:19:29 +0000 2018,0.34,0.66,0.0,"Doctors Without Borders nurse attacks Israeli troops at Gaza border, is shot dead, officials say https://t.co/wTNmKUZeWW",@FoxNews
0.0,Fri Aug 24 14:13:11 +0000 2018,0.0,1.0,0.0,"RT @FoxBusiness: #BreakingNews: In his keynote speech, at the annual gathering of global central bankers in Jackson Hole, Federal Reserve C…",@FoxNews
0.7003,Fri Aug 24 14:09:18 +0000 2018,0.0,0.746,0.254,".@RepMarkWalker: ""It probably is time for Jeff to maybe transition. I hope that's his decision. I hope it doesn't c… https://t.co/8OI9nyyQOB",@FoxNews
0.0,Fri Aug 24 14:02:24 +0000 2018,0.0,1.0,0.0,"Yesterday, @HillaryClinton slammed the Trump Administration for not having yet reunited hundreds of children separa… https://t.co/gKYZptqQE3",@FoxNews
-0.2263,Fri Aug 24 13:50:37 +0000 2018,0.161,0.717,0.121,Fox News Poll: Majority of voters favor a path to citizenship for illegal immigrants living in the U.S. https://t.co/Kws28ecGg8,@FoxNews
0.8519,Fri Aug 24 13:44:54 +0000 2018,0.0,0.542,0.458,"On Twitter, @IvankaTrump celebrated the economy and employment opportunity in the United States. https://t.co/mPw4P7UClm",@FoxNews
0.0274,Fri Aug 24 13:38:00 +0000 2018,0.156,0.68,0.164,".@VP: ""America will not ever abandon the critical domain of space."" https://t.co/YxdWYqu46S",@FoxNews
-0.34,Fri Aug 24 13:33:59 +0000 2018,0.179,0.821,0.0,DiGenova: Sessions 'Doesn't Understand His Job' and 'Should Resign After Elections' https://t.co/uMwCGE8KCT,@FoxNews
-0.4023,Fri Aug 24 13:30:27 +0000 2018,0.197,0.803,0.0,".@KenPaxtonTX: ""Our immigration policies are not strong and they're not effective."" https://t.co/i3HqCSIiZ7",@FoxNews
0.0,Fri Aug 24 13:25:59 +0000 2018,0.0,1.0,0.0,Hurricane Lane-a Category 3 storm-lashes Hawaii as it makes slow move off coast https://t.co/nWJTOkW61a,@FoxNews
0.0,Fri Aug 24 13:25:51 +0000 2018,0.0,1.0,0.0,"Facial recognition technology catches imposter trying to enter US illegally at airport, officials say https://t.co/HgOUGYCdQ5",@FoxNews
-0.3182,Fri Aug 24 13:24:27 +0000 2018,0.23,0.621,0.149,"Hospital security guard caught having sex with woman's corpse, authorities say https://t.co/V6YUkY1vbi",@FoxNews
0.3818,Fri Aug 24 13:20:17 +0000 2018,0.099,0.69,0.211,"Marilyn Monroe filmed lost nude scene to please audiences, was 'furious' on her last day alive, book claims https://t.co/Z9qYJDXJ2d",@FoxNews
-0.4023,Fri Aug 24 13:19:28 +0000 2018,0.197,0.803,0.0,".@KenPaxtonTX: ""Our immigration policies are not strong and they're not effective."" https://t.co/ZOE1jRCMD4",@FoxNews
0.4939,Fri Aug 24 12:52:00 +0000 2018,0.0,0.758,0.242,"On @foxandfriends, @cvpayne praised the U.S. economy under President @realDonaldTrump. https://t.co/ElA8Wg6whL",@FoxNews
-0.34,Fri Aug 24 12:48:46 +0000 2018,0.156,0.844,0.0,"Trump prods Sessions to probe corruption on the 'other side,' as feud flares https://t.co/luVMFpQkaV",@FoxNews
-0.6808,Fri Aug 24 12:38:16 +0000 2018,0.337,0.663,0.0,.@newtgingrich: Foreign spies are threatening US colleges -- we must stop them https://t.co/2yEm26kNCU,@FoxNews
0.3612,Fri Aug 24 12:31:46 +0000 2018,0.0,0.706,0.294,Do you agree with @NancyPelosi? https://t.co/9BWsBQB2NR https://t.co/cQcDp83PUr,@FoxNews
0.0,Fri Aug 24 12:23:01 +0000 2018,0.0,1.0,0.0,".@RCamposDuffy: ""[Cristhian Rivera's] status does have something to do with this."" https://t.co/kcHbyxioWZ",@FoxNews
0.2263,Fri Aug 24 12:12:41 +0000 2018,0.0,0.905,0.095,"Moments ago, @VP tweeted about American exploration in outer space, stating that ""we will return to the moon."" https://t.co/q8QAvuX0FQ",@FoxNews
0.0772,Fri Aug 24 11:57:00 +0000 2018,0.0,0.902,0.098,".@cvpayne: ""It's not just @Target. @Walmart posted a number out of this world."" https://t.co/1YcuTfXCmC",@FoxNews
0.296,Fri Aug 24 11:48:12 +0000 2018,0.0,0.879,0.121,"Ocasio-Cortez claims solidarity with cab drivers -- while campaign buys rides from Uber, other 'alternatives,' FEC… https://t.co/Upyke61r5j",@FoxNews
0.0,Fri Aug 24 11:38:26 +0000 2018,0.0,1.0,0.0,.@AP: @NancyPelosi says she is not going anywhere. https://t.co/bDD8F1AFTf,@FoxNews
0.5719,Fri Aug 24 11:32:18 +0000 2018,0.0,0.73,0.27,"This morning on Twitter, President @realDonaldTrump celebrated the U.S. economy. https://t.co/O2FMmvIJHD",@FoxNews
-0.2263,Fri Aug 24 11:30:00 +0000 2018,0.16,0.84,0.0,Paris Aquarium providing sanctuary to over 600 unwanted pet goldfish https://t.co/N2sJpJRuCg,@FoxNews
0.0,Fri Aug 24 11:25:00 +0000 2018,0.0,1.0,0.0,'Bewitched' reboot in the works at ABC: report https://t.co/m3UlkKi94r,@FoxNews
-0.6249,Fri Aug 24 11:20:00 +0000 2018,0.434,0.414,0.152,'Giraffes' join the @USNavy and hunt enemy threats https://t.co/gk2Zld5FVu,@FoxNews
0.4019,Fri Aug 24 11:15:00 +0000 2018,0.0,0.87,0.13,"Jayne Parker on @FoxFriendsFirst: ""We are always looking for things that we can do to help our employees.” https://t.co/DsAxFKM0lg",@FoxNews
-0.6249,Fri Aug 24 11:11:35 +0000 2018,0.272,0.728,0.0,"Jimmy Carter says Trump a 'disaster in human rights,' 'treating people equal' https://t.co/JfB6nmAopb",@FoxNews
-0.836,Fri Aug 24 11:10:00 +0000 2018,0.527,0.473,0.0,Attorney for Mollie Tibbetts' suspected killer Cristhian Rivera fights back https://t.co/6IbVckXLbP,@FoxNews
0.0,Fri Aug 24 11:05:00 +0000 2018,0.0,1.0,0.0,Recent grad tries 'open carry' in Nashville after pro-gun photo went viral earlier this year https://t.co/noFwfM7g2c,@FoxNews
0.6249,Fri Aug 24 11:00:02 +0000 2018,0.0,0.773,0.227,"Great white shark found washed up on Massachusetts with red hue on face, underbelly https://t.co/Dq5HoLxGLF",@FoxNews
0.0,Fri Aug 24 10:55:00 +0000 2018,0.0,1.0,0.0,"209,000 Jeeps and Dodges recalled @FoxBusiness https://t.co/6hohoQCts9",@FoxNews
0.0,Fri Aug 24 10:50:00 +0000 2018,0.0,1.0,0.0,.@AdamKlotzFNC gives an update on the weather on @foxandfriends https://t.co/6cSgjU9bK5 https://t.co/bSH6NFBz6b,@FoxNews
-0.6808,Fri Aug 24 10:45:00 +0000 2018,0.318,0.682,0.0,OPINION: @newtgingrich: Foreign spies are threatening US colleges -- we must stop them https://t.co/CufC7F4vVN,@FoxNews
-0.5267,Fri Aug 24 10:42:42 +0000 2018,0.207,0.793,0.0,Fugitive wanted for threat to 'put a bullet' in Trump possibly spotted in Pennsylvania https://t.co/UNvsgtE6Tj,@FoxNews
-0.3818,Fri Aug 24 10:34:07 +0000 2018,0.133,0.867,0.0,Attorney General Jeff Sessions fires back at Trump's latest slam: DOJ won't be 'improperly influenced' by politics… https://t.co/kYaHKz0dRU,@FoxNews
0.0,Fri Aug 24 10:27:54 +0000 2018,0.0,1.0,0.0,.@POTUS and @FLOTUS to visit children’s hospital in Ohio @FoxFriendsFirst https://t.co/lRtFRwvqPe,@FoxNews
0.3595,Fri Aug 24 10:26:05 +0000 2018,0.0,0.902,0.098,RT @foxandfriends: TODAY @leebrice performs LIVE on the plaza for the All-American Summer Concert Series! In NYC? Join us at 1211 6th ave a…,@FoxNews
0.2263,Fri Aug 24 10:23:30 +0000 2018,0.0,0.872,0.128,.@VP Mike Pence gives speech on future of U.S. space exploration @FoxFriendsFirst https://t.co/11IKyUqrXL https://t.co/mzHyrZqBsW,@FoxNews
-0.3818,Fri Aug 24 10:17:06 +0000 2018,0.206,0.794,0.0,.@NikkiHaley urges countries to unite in fight against ISIS @FoxFriendsFirst https://t.co/On4jYjiHjs,@FoxNews
0.0,Fri Aug 24 10:11:07 +0000 2018,0.0,1.0,0.0,.@SchmittNYC is live with the ‘Fox News Update’ on Facebook Watch: https://t.co/hNrB8xzepH https://t.co/pXWd3TZx60,@FoxNews
0.0,Fri Aug 24 10:06:15 +0000 2018,0.0,1.0,0.0,.@SecPompeo returns to North Korea next week @FoxFriendsFirst https://t.co/lBAGkyZURL,@FoxNews
0.0,Fri Aug 24 10:00:00 +0000 2018,0.0,1.0,0.0,TODAY: @leebrice performs LIVE as part of the @foxandfriends All-American Summer Concert Series. Tune in to Fox New… https://t.co/42aZzI0jT1,@FoxNews
-0.4215,Fri Aug 24 09:55:00 +0000 2018,0.167,0.833,0.0,"Rep. Duncan Hunter calls indictment 'pure politics,' denies using campaign funds for personal expenses. https://t.co/Ck0EQ6JGn8",@FoxNews
0.5402,Fri Aug 24 09:45:00 +0000 2018,0.09,0.646,0.263,"Police union offers $500 rewards for helping cops, says it's not aimed to create 'vigilantes' https://t.co/1N1Udimhs2",@FoxNews
-0.5423,Fri Aug 24 09:30:00 +0000 2018,0.36,0.64,0.0,"KFC restaurant hid Arizona-Mexico drug smuggling tunnel, officials say. https://t.co/I2RXiizUFf",@FoxNews
-0.6858,Fri Aug 24 19:35:06 +0000 2018,0.239,0.761,0.0,"Hurricane Lane was weakening on Friday but was still expected to pass dangerously close to the Hawaiian Islands, in… https://t.co/aB2buZ6XK4",@nytimes
-0.4118,Fri Aug 24 19:10:03 +0000 2018,0.126,0.874,0.0,"The CIA doesn't believe its informants in Russia have been killed, but sources have gone largely dormant amid heigh… https://t.co/HDkMaHVvkw",@nytimes
0.743,Fri Aug 24 18:55:03 +0000 2018,0.0,0.73,0.27,Review: The pleasure of watching a typically underused John Cho take on a meaty lead role helps make “Searching” a… https://t.co/KbdsYGc6fj,@nytimes
0.0,Fri Aug 24 18:39:15 +0000 2018,0.0,1.0,0.0,"Breaking News: President Trump canceled upcoming nuclear talks with North Korea, a rare acknowledgment that progres… https://t.co/DwH4qSXPhV",@nytimes
-0.0772,Fri Aug 24 18:35:04 +0000 2018,0.094,0.824,0.082,"""America to Me"" is an invaluable look at where inequity begins, as well as the difficulty of getting to the place w… https://t.co/6krwziF4S7",@nytimes
0.0,Fri Aug 24 18:25:31 +0000 2018,0.0,1.0,0.0,The NYT tech review of Samsung’s Galaxy Note9 https://t.co/JPS5OfckL4,@nytimes
0.7579,Fri Aug 24 18:08:25 +0000 2018,0.0,0.711,0.289,"Weeks after polls closed, the Republican Troy Balderson was declared the winner in a special election for a fiercel… https://t.co/G5DqIwXHz3",@nytimes
0.5574,Fri Aug 24 17:55:05 +0000 2018,0.0,0.854,0.146,"RT @NYTObits: Robin Leach, who became a symbol of unapologetic opulence as host of the syndicated television show “Lifestyles of the Rich a…",@nytimes
-0.4019,Fri Aug 24 17:45:07 +0000 2018,0.13,0.87,0.0,"In Opinion

Jianan Qian writes, ""Before my mother’s illness, I spurned what I saw as an excess of pragmatism among… https://t.co/OOiN9z5O8J",@nytimes
0.5423,Fri Aug 24 17:30:06 +0000 2018,0.2,0.489,0.311,"Modern Love: ""When I was young and poor, I sold my kiss to pay the rent"" https://t.co/reEjAn7aUc",@nytimes
0.0772,Fri Aug 24 17:20:08 +0000 2018,0.145,0.694,0.162,"Stevie Wonder, Jennifer Hudson and Faith Hill will perform at Aretha Franklin’s funeral https://t.co/gX203BX2GU",@nytimes
0.4019,Fri Aug 24 17:18:47 +0000 2018,0.0,0.838,0.162,"Sign up to get Five Weeknight Dishes, a newsletter devoted entirely to fast weeknight cooking: https://t.co/p2mpnBTmDG",@nytimes
0.0,Fri Aug 24 17:10:06 +0000 2018,0.0,1.0,0.0,"RT @tminsberg: In early August, I watched 89 athletes try out for a shot to become a member of @TeamUSA.

Here's what that process looked l…",@nytimes
-0.5423,Fri Aug 24 17:01:27 +0000 2018,0.171,0.829,0.0,"“She should just be quiet.” Despite their record numbers, female candidates still face harassment. Their message to… https://t.co/pK8Dyq64Im",@nytimes
0.0,Fri Aug 24 16:45:10 +0000 2018,0.0,1.0,0.0,"Here are 5 weeknight dinner ideas for deep-August evenings, while the grill is still lit, the tomatoes are still fa… https://t.co/G5kla0ml0S",@nytimes
-0.4767,Fri Aug 24 16:30:07 +0000 2018,0.134,0.866,0.0,"Dr. Thomas Frieden, who ran the Centers for Disease Control and Prevention for 8 years, was arrested in New York on… https://t.co/W3IHcPQavj",@nytimes
0.0,Fri Aug 24 16:15:10 +0000 2018,0.0,1.0,0.0,"In the transactional worlds of politics and real estate, the lives of Trump and Andrew Cuomo have often intersected… https://t.co/OO9LUXQ4Ra",@nytimes
0.0,Fri Aug 24 16:00:09 +0000 2018,0.0,1.0,0.0,This simple pasta comes together quickly and makes use of what can sometimes be an overwhelming bumper crop of zucc… https://t.co/EI9WN6fOqC,@nytimes
0.6124,Fri Aug 24 15:49:17 +0000 2018,0.0,0.815,0.185,"So far, over half of women running have won. The number of victories by women is only expected to grow, with 66 fem… https://t.co/FNeVJGlAUF",@nytimes
-0.3182,Fri Aug 24 15:30:05 +0000 2018,0.113,0.887,0.0,"RT @andylocal: This is nuts: embattled Queens Democratic machine stacks county committee with unsuspecting senior citizens, presumably to k…",@nytimes
0.0,Fri Aug 24 15:20:03 +0000 2018,0.0,1.0,0.0,The persistence of Stormy Daniels https://t.co/evJfIX0BKO https://t.co/jjZHvpJRwF,@nytimes
-0.5267,Fri Aug 24 15:05:17 +0000 2018,0.237,0.647,0.115,"Breaking News: Senator John McCain will no longer receive care for his brain cancer, his family said, a sign that h… https://t.co/5RXHrpWDrj",@nytimes
-0.296,Fri Aug 24 14:55:03 +0000 2018,0.109,0.891,0.0,A professor of epidemiology is concerned that the EPA may try to undermine her study’s repeated findings that some… https://t.co/IGt2B1XvN2,@nytimes
-0.5574,Fri Aug 24 14:42:47 +0000 2018,0.223,0.777,0.0,"“The economy is strong."" Federal Reserve Chairman Jerome Powell argued for caution and managing risk in a ""strong""… https://t.co/waPCH9IsR5",@nytimes
-0.5267,Fri Aug 24 14:29:06 +0000 2018,0.253,0.747,0.0,"RT @nytopinion: No, Mr. President, there is no ""white genocide"" happening in South Africa. https://t.co/udwWohcID7",@nytimes
0.0,Fri Aug 24 14:15:05 +0000 2018,0.0,1.0,0.0,Video: What female candidates hear on the trail https://t.co/hJb8uecuaS,@nytimes
0.0,Fri Aug 24 14:00:02 +0000 2018,0.0,1.0,0.0,"For more than 10 years, his identity eluded investigators. But then they tried a new tack: mining DNA data collecte… https://t.co/TtNgfG2AmL",@nytimes
-0.5859,Fri Aug 24 13:46:02 +0000 2018,0.218,0.726,0.056,"RT @NYTNational: The elections board in majority-black Randolph County, Ga., has rejected a controversial plan to reduce the number of poll…",@nytimes
-0.2732,Fri Aug 24 13:29:04 +0000 2018,0.172,0.749,0.079,"The fugitive Malaysian financier Jho Low was charged with eight counts of laundering money, much of it reportedly u… https://t.co/OilnqMW8Z9",@nytimes
-0.6597,Fri Aug 24 13:14:03 +0000 2018,0.306,0.694,0.0,How politics took over the killing of Mollie Tibbetts https://t.co/BZFWUK3f9j https://t.co/SFDn5h4qEc,@nytimes
0.0,Fri Aug 24 13:00:07 +0000 2018,0.0,1.0,0.0,Morning Briefing: Here's what you need to know to start your day https://t.co/LrE7sj6f43 https://t.co/iItyGOYhRZ,@nytimes
0.0,Fri Aug 24 12:46:02 +0000 2018,0.0,1.0,0.0,"The governor of Hawaii urged residents to have enough food, water and other essentials to last for 14 days https://t.co/oZSKuLRezU",@nytimes
-0.6369,Fri Aug 24 12:30:05 +0000 2018,0.181,0.819,0.0,"Kathie Klages, a former gymnastics coach, was aware of Dr. Nassar’s abuse for more than 20 years, according to the… https://t.co/prRabhfbt6",@nytimes
0.34,Fri Aug 24 12:16:06 +0000 2018,0.0,0.862,0.138,"Your daily @DealBook Briefing:

• Solving Elon Musk’s equation. 

• CEOs rally against Trump over immigration.

• S… https://t.co/l2fLskjzZZ",@nytimes
0.3094,Fri Aug 24 12:00:11 +0000 2018,0.0,0.883,0.117,Are Michael Cohen's statements grounds for impeachment? And can Paul Manafort be pardoned? New York Times investiga… https://t.co/EU5fYuDlkY,@nytimes
-0.4019,Fri Aug 24 11:46:01 +0000 2018,0.124,0.876,0.0,"""Being a black woman and existing, in some cases, is enough to piss people off,"" said Mya Whitaker, a Democrat runn… https://t.co/2zT8UxypvL",@nytimes
0.6369,Fri Aug 24 11:31:05 +0000 2018,0.0,0.811,0.189,"""There's been a love felt through the internet that I'll never forget,"" said Peter Dutton, a popcorn seller in Aust… https://t.co/xIpVtMYJIJ",@nytimes
-0.6249,Fri Aug 24 11:16:06 +0000 2018,0.203,0.797,0.0,The U.S. government denied that it had planned to separate migrant families. It also had no plans to bring them bac… https://t.co/XXVqrZE6Hl,@nytimes
0.0,Fri Aug 24 11:00:06 +0000 2018,0.0,1.0,0.0,A truck filled with Nike sneakers was parked in an impoverished neighborhood on Chicago's South Side to lure would-… https://t.co/Fh33Z1EWUb,@nytimes
-0.5267,Fri Aug 24 10:45:07 +0000 2018,0.185,0.815,0.0,The Trump administration's proposed rewrite of climate-change regulations could enable some of America’s dirtiest r… https://t.co/JT2Sm7OnE4,@nytimes
-0.3818,Fri Aug 24 10:31:08 +0000 2018,0.133,0.867,0.0,"Scott Morrison became Australia's sixth prime minister in 11 years after defeating Peter Dutton, a former home affa… https://t.co/w781eJDwVH",@nytimes
0.0772,Fri Aug 24 10:16:06 +0000 2018,0.104,0.777,0.119,President Trump's tweet seemed to embrace a common talking point among white supremacists who claim white genocide… https://t.co/2kN6MnxvUj,@nytimes
0.0,Fri Aug 24 10:00:03 +0000 2018,0.0,1.0,0.0,Morning Briefing: Here's what you need to know to start your day https://t.co/eSBTqvZRyf https://t.co/77yHOscv7x,@nytimes
-0.1027,Fri Aug 24 09:44:03 +0000 2018,0.105,0.81,0.086,No administration in modern American history has had its top diplomats confirmed at a slower rate. 43 embassies hav… https://t.co/cZUcF6Kpeh,@nytimes
0.0,Fri Aug 24 09:31:21 +0000 2018,0.0,1.0,0.0,"""They thought I was crazy,"" the widower said. "" 'Jerry, this girl's not for you.' "" https://t.co/rNZxaI6ETG",@nytimes
0.7096,Fri Aug 24 09:15:04 +0000 2018,0.182,0.479,0.339,"Cao Fei's latest video, “a mournfully beautiful hybrid of economic forecast and tragic love story,” may seem like s… https://t.co/Mml2pOGJXy",@nytimes
0.0,Fri Aug 24 09:00:16 +0000 2018,0.0,1.0,0.0,Russian internet trolls meddling in the U.S. presidential election also lashed out at Americans debating the safety… https://t.co/pCkAHy2ThK,@nytimes
-0.296,Fri Aug 24 08:44:06 +0000 2018,0.115,0.885,0.0,"The White House accused China of ""apparent interference"" in El Salvador's domestic politics after the Central Ameri… https://t.co/GGQdAUZv7L",@nytimes
0.6527,Fri Aug 24 08:30:10 +0000 2018,0.0,0.761,0.239,A restart of trade talks between the United States and China ended on Thursday with little sign of progress https://t.co/udMYedD9PM,@nytimes
-0.4215,Fri Aug 24 08:15:03 +0000 2018,0.128,0.872,0.0,The Taliban and Russia are not exactly allies and have many reasons to distrust each other. But Taliban representat… https://t.co/g1beq9GnKQ,@nytimes
0.0,Fri Aug 24 08:00:14 +0000 2018,0.0,1.0,0.0,"From @NYTOpinion:

Readers responded to the news that President Trump had been implicated in a crime… https://t.co/NO31c9JcWn",@nytimes
0.4215,Fri Aug 24 07:45:04 +0000 2018,0.0,0.843,0.157,"""It would be a simple exchange then, 10,000 yen for a kiss. My youth for his money."" https://t.co/HP613kz0YI",@nytimes
-0.5267,Fri Aug 24 07:30:08 +0000 2018,0.196,0.804,0.0,"Park Geun-hye, South Korea’s impeached and ousted president, was sentenced to 25 years in prison, as an appeals cou… https://t.co/XkaObLCxL3",@nytimes
0.0,Fri Aug 24 07:15:09 +0000 2018,0.0,1.0,0.0,"Alex Storm and his partners recovered hundreds of coins, a treasure-hunting coup that made news around the world https://t.co/OBjxykgwzj",@nytimes
0.0,Fri Aug 24 07:00:04 +0000 2018,0.0,1.0,0.0,"“I am always surprised,” Devonté Hynes, aka Blood Orange,  mused, “by the amount of people that have never been pun… https://t.co/wdw6iRD0j3",@nytimes
0.2023,Fri Aug 24 06:45:04 +0000 2018,0.0,0.893,0.107,The raids are a significant development in a corruption investigation that officials are calling the most consequen… https://t.co/rO1rV9ttWw,@nytimes
0.0,Fri Aug 24 06:30:06 +0000 2018,0.0,1.0,0.0,"In Opinion

The editorial board writes, ""Trump’s tweet, and the Fox show on which it was based, were bereft of any… https://t.co/oDj9LC0pWC",@nytimes
0.296,Fri Aug 24 06:15:10 +0000 2018,0.138,0.625,0.237,"Authorities promoted an Argentine policewoman who breast-fed a hungry, crying baby to soothe him after finding him… https://t.co/25YyWBlrmK",@nytimes
-0.6705,Fri Aug 24 06:00:01 +0000 2018,0.224,0.776,0.0,"“Nothing has changed, sadly. The reason why the church can’t get a grip on the problem is because its primary conce… https://t.co/3y8iIhMIFc",@nytimes
0.3612,Fri Aug 24 05:45:04 +0000 2018,0.0,0.872,0.128,"Your Morning Briefing (Europe edition) is ready: Jeff Sessions rebukes President Trump, Pope Francis meets a new Ir… https://t.co/ES6BfF5k2R",@nytimes
-0.3182,Fri Aug 24 05:30:11 +0000 2018,0.248,0.752,0.0,Sorry in advance for getting this song stuck in your head https://t.co/4lfT98qWSc,@nytimes
0.1779,Fri Aug 24 05:15:04 +0000 2018,0.111,0.741,0.148,"Kyagulanyi Ssentamu, popularly known as Bobi Wine, is a major critic of the country’s longtime president https://t.co/Hkc3XzoFtf",@nytimes
0.6705,Fri Aug 24 05:00:08 +0000 2018,0.0,0.766,0.234,The Indian government turned down the United Arab Emirates's offer of $100 million to help Kerala recover from deva… https://t.co/qko30WIu2D,@nytimes
0.0,Fri Aug 24 04:45:05 +0000 2018,0.125,0.708,0.167,"As President Trump faces his own legal troubles, he has taken to using a vocabulary that sounds uncannily like that… https://t.co/2hOvC2OwId",@nytimes
-0.4215,Fri Aug 24 04:30:08 +0000 2018,0.186,0.744,0.07,A drone captured the first images of members of an isolated Amazon tribe that had no known contact with the outside… https://t.co/klYCOlqaAh,@nytimes
0.0,Fri Aug 24 04:15:06 +0000 2018,0.0,1.0,0.0,"At a time when the giraffe population is plummeting in the wild, the sale of products made with giraffe skin and bo… https://t.co/BqYyg5OLub",@nytimes
0.3182,Fri Aug 24 04:00:07 +0000 2018,0.0,0.852,0.148,"""For those wondering if the latest disclosures from the Trump legal file are finally weighty enough to cause top co… https://t.co/ZqRiflhTgN",@nytimes
0.3182,Fri Aug 24 03:47:01 +0000 2018,0.0,0.859,0.141,RT @nytimesbooks: What would high school students read if prominent writers revamped the curriculum? https://t.co/G2pyJ8lpXU,@nytimes
0.0,Fri Aug 24 03:32:05 +0000 2018,0.0,1.0,0.0,"Scientists have discovered a human hybrid who lived in prehistoric times. Her mother was Neanderthal, her father De… https://t.co/Z4CGuoOVeS",@nytimes
-0.7184,Fri Aug 24 03:17:06 +0000 2018,0.261,0.739,0.0,"In a state where voting issues have flared up repeatedly, voters suspected the worst when a rural Georgia county co… https://t.co/Gm734U1elg",@nytimes
0.0129,Fri Aug 24 03:10:04 +0000 2018,0.0,0.945,0.055,"Morrison backed Turnbull earlier in the week, but he later emerged as a more moderate alternative to Peter Dutton,… https://t.co/Gu1WtJPmkK",@nytimes
0.128,Fri Aug 24 03:03:52 +0000 2018,0.0,0.909,0.091,"Breaking News: Australia’s prime minister, Malcolm Turnbull, was ousted by his treasurer, Scott Morrison, a surpris… https://t.co/8AZmSQ4Obe",@nytimes
-0.0258,Fri Aug 24 03:02:04 +0000 2018,0.058,0.942,0.0,"3 men who took part in a white nationalist rally in Charlottesville, Virginia, last year were sentenced this week t… https://t.co/qH4VNVCtp9",@nytimes
-0.3612,Fri Aug 24 02:47:03 +0000 2018,0.122,0.878,0.0,RT @nytpolitics: President Trump’s tweet about South Africa’s plan to redistribute farmland was criticized for endorsing a common claim of…,@nytimes
-0.7717,Fri Aug 24 02:30:08 +0000 2018,0.309,0.691,0.0,"Steve Jobs' daughter, Lisa Brennan-Jobs, has written a devastating memoir with damning details about the Apple co-f… https://t.co/FZfUdUmfdj",@nytimes
-0.296,Fri Aug 24 02:17:03 +0000 2018,0.109,0.891,0.0,"RT @NYTHealth: Russian trolls accused of meddling in the 2016 election also polarized the vaccine debate, study says. https://t.co/ONjNCKTb…",@nytimes
-0.6705,Fri Aug 24 02:02:04 +0000 2018,0.282,0.718,0.0,The Manhattan district attorney’s office is considering pursuing criminal charges against the Trump Organization an… https://t.co/x91EmZ4erG,@nytimes
0.0,Fri Aug 24 01:47:01 +0000 2018,0.0,1.0,0.0,"A new musical about the Temptations will open on Broadway next spring, the latest in a series of shows using famili… https://t.co/Ps3QlAY93T",@nytimes
-0.6705,Fri Aug 24 01:34:01 +0000 2018,0.244,0.756,0.0,RT @cliffordlevy: Breaking: The Manhattan DA is considering pursuing criminal charges against the Trump Organization and 2 senior company o…,@nytimes
-0.6369,Fri Aug 24 01:32:06 +0000 2018,0.174,0.826,0.0,"“I followed my heart, not my head”: How Urban Meyer handled a domestic abuse case against an Ohio State assistant t… https://t.co/wmqTVp4BIE",@nytimes
-0.5994,Fri Aug 24 01:17:03 +0000 2018,0.231,0.769,0.0,RT @nytpolitics: Mollie Tibbetts’s death has become a focus for conservative politicians and media https://t.co/yjA38ZnrRH,@nytimes
0.0,Fri Aug 24 01:02:05 +0000 2018,0.0,1.0,0.0,Evening Briefing: Here's what you need to know at the end of the day https://t.co/SJp7QBAEBP,@nytimes
0.0,Fri Aug 24 00:47:04 +0000 2018,0.0,1.0,0.0,"“I’m not a clone of my father."" Levi Sanders, son of Bernie Sanders, is running for Congress in New Hampshire. His… https://t.co/up0erdbbwS",@nytimes
-0.5574,Fri Aug 24 00:32:06 +0000 2018,0.235,0.765,0.0,Verizon throttled California firefighters’ internet speeds as they battled the Mendocino Complex Fire (they were ou… https://t.co/Vaeb0tSOyI,@nytimes
0.2023,Fri Aug 24 00:17:05 +0000 2018,0.11,0.748,0.142,"RT @nytvideo: Can the president be impeached now that Michael Cohen has pleaded guilty? @adamliptak , the Times's Supreme Court reporter, a…",@nytimes
-0.3182,Fri Aug 24 00:02:08 +0000 2018,0.133,0.867,0.0,British Airways and Air France said that they would suspend service to Tehran next month https://t.co/oxHPaSt2YV,@nytimes
0.0,Thu Aug 23 23:47:04 +0000 2018,0.0,1.0,0.0,"RT @nytopinion: Had Michael Cohen's secret $130,000 payment to Stormy Daniels been disclosed before the election, as the law requires, it m…",@nytimes
0.0,Thu Aug 23 23:32:06 +0000 2018,0.0,1.0,0.0,Italy wants the Frick Collection's most recent painting acquisition back and says its export license never should h… https://t.co/x3dI8I0lae,@nytimes
-0.4567,Thu Aug 23 23:18:06 +0000 2018,0.2,0.8,0.0,Breaking News: President Trump’s lawyers warned him not to consider pardons for former aides under investigation un… https://t.co/J8LMJ42yBV,@nytimes
0.6249,Thu Aug 23 23:02:05 +0000 2018,0.0,0.661,0.339,"13 great movies expiring from Netflix in September
https://t.co/UjLId3TPg7",@nytimes
0.0,Thu Aug 23 22:47:02 +0000 2018,0.0,1.0,0.0,Evening Briefing: Here's what you need to know at the end of the day https://t.co/0p09w6OHHh,@nytimes
0.0,Thu Aug 23 22:32:04 +0000 2018,0.0,1.0,0.0,"Alice Allison Dunnigan, the first black woman reporter accredited to cover the White House, will get a statue at th… https://t.co/W90b0fDdVC",@nytimes
0.0,Thu Aug 23 22:17:01 +0000 2018,0.0,1.0,0.0,"RT @NYTmag: After just 18 months, Trump has “flipped” two circuits — the Sixth and Seventh — from liberal to conservative. Two more — the E…",@nytimes
-0.6369,Thu Aug 23 22:02:03 +0000 2018,0.245,0.755,0.0,A former Michigan State University gymnastics coach was charged with lying to the authorities about whether she was… https://t.co/vxdnT5cPkz,@nytimes
0.0,Thu Aug 23 21:47:02 +0000 2018,0.0,1.0,0.0,Here's how Turkish carpet merchants use the sun to get the right pastel tone https://t.co/wjj6CghAZA,@nytimes
-0.1027,Thu Aug 23 21:32:04 +0000 2018,0.147,0.733,0.12,7 new books recommended by critics and editors at The New York Times https://t.co/MIXZmxQ21v,@nytimes
0.6908,Thu Aug 23 21:15:05 +0000 2018,0.0,0.778,0.222,"RT @nytimesworld: “This is the police force we are proud of, the police force we want:"" authorities promote Argentine policewoman who breas…",@nytimes
-0.3818,Thu Aug 23 21:00:09 +0000 2018,0.315,0.543,0.141,"Tired: Planking

Wired: The InMyFeelings Challenge
https://t.co/O9GUxdHgmp",@nytimes
-0.0553,Thu Aug 23 20:45:06 +0000 2018,0.198,0.613,0.189,"""Bold, maybe a little brash; tender, maybe a little sentimental; difficult to work with yet desperate to please: Be… https://t.co/1ogBlcIjQx",@nytimes
0.0,Thu Aug 23 20:30:14 +0000 2018,0.0,1.0,0.0,"36 Hours in Thessaloniki: Greece’s second city is filled with remnants of its multilayered past, but sprinkled amon… https://t.co/oZrVRP7rS1",@nytimes
-0.7184,Fri Aug 24 15:15:44 +0000 2018,0.261,0.739,0.0,"US Republican senator John McCain is discontinuing treatment for an aggressive form of brain cancer, his family says https://t.co/vKpSPZfQ6T",@BBCBreaking
-0.0772,Fri Aug 24 02:56:55 +0000 2018,0.138,0.737,0.124,Scott Morrison is Australia's new PM after Malcolm Turnbull is forced out by party rivals - media reports https://t.co/50FBR7T5qd,@BBCBreaking
0.1027,Fri Aug 24 02:44:28 +0000 2018,0.11,0.762,0.129,Australia loses another PM to a party coup as Malcolm Turnbull is ousted by his rivals - media reports https://t.co/HtvOWXtChD,@BBCBreaking
-0.5994,Thu Aug 23 20:22:22 +0000 2018,0.17,0.83,0.0,Thomas Cook to remove all its customers from a hotel in Egypt as a precaution after the death of a British couple https://t.co/F97jQaYIjq,@BBCBreaking
-0.5106,Thu Aug 23 13:24:00 +0000 2018,0.202,0.798,0.0,UK mother Nazanin Zaghari-Ratcliffe gets three days temporary release from prison in Iran https://t.co/ROTDgakNkz,@BBCBreaking
-0.8689,Thu Aug 23 10:45:39 +0000 2018,0.341,0.659,0.0,"Paris incident that saw two people killed, before knifeman was shot dead by police, was ""family quarrel"" - interior… https://t.co/FwNBDRbRCC",@BBCBreaking
-0.8316,Thu Aug 23 09:53:52 +0000 2018,0.342,0.658,0.0,"Knifeman in Paris kills two and injures others, before being shot dead by police - reports 

https://t.co/JSfD9p1RI7 #Trappes",@BBCBreaking
0.1027,Thu Aug 23 02:20:15 +0000 2018,0.133,0.663,0.204,Australia's parliament is adjourned as PM Malcolm Turnbull battles a leadership challenge within his own party https://t.co/WzMWrQXTmq,@BBCBreaking
-0.743,Tue Aug 21 21:13:54 +0000 2018,0.259,0.741,0.0,"Trump's former lawyer Michael Cohen pleads guilty to violating campaign finance laws, says he did so at direction o… https://t.co/7uhG4OgWCN",@BBCBreaking
-0.8689,Tue Aug 21 20:42:50 +0000 2018,0.408,0.496,0.096,"Ex-Trump campaign chief Paul Manafort guilty of tax fraud charges, jury fails to reach verdict on 10 other counts https://t.co/MGE9MXVJHP",@BBCBreaking
0.0,Tue Aug 21 18:06:27 +0000 2018,0.0,1.0,0.0,Former Trump lawyer Michael Cohen has entered into a plea deal with US federal prosecutors in New York - US media https://t.co/rsFDlL3y0e,@BBCBreaking
0.1779,Tue Aug 21 17:29:32 +0000 2018,0.109,0.746,0.144,"Oscar-winning Danny Boyle will no longer direct 25th Bond film due to ""creative differences"", producers say https://t.co/aDCEisxObU",@BBCBreaking
-0.3612,Tue Aug 21 11:32:11 +0000 2018,0.123,0.822,0.055,Some 18 members of UK's Windrush generation who could have been wrongfully removed or detained to get formal apology https://t.co/IzAdAWOI6B,@BBCBreaking
0.0,Tue Aug 21 11:02:33 +0000 2018,0.0,1.0,0.0,"""My involvement in the events around Hillsborough has often been misrepresented""

Sir Norman Bettison says he's bee… https://t.co/bmngLKJhsZ",@BBCBreaking
-0.891,Tue Aug 21 09:47:46 +0000 2018,0.472,0.528,0.0,"Charges are dropped against ex-police chief Sir Norman Bettison, accused of blaming fans for Hillsborough disaster https://t.co/EfY2DZyaVP",@BBCBreaking
0.8885,Sat Aug 18 09:37:01 +0000 2018,0.0,0.604,0.396,"Kofi Annan, the former UN secretary-general who won the Nobel Peace Prize for humanitarian work, dies aged 80 https://t.co/lNj6TEmNPo",@BBCBreaking
-0.8402,Fri Aug 17 14:04:14 +0000 2018,0.32,0.68,0.0,"At least 324 people die in monsoon floods in India's southern state of Kerala, the worst in a century… https://t.co/hC2AGYrMNB",@BBCBreaking
0.0,Fri Aug 17 12:57:57 +0000 2018,0.0,1.0,0.0,Former cricket star Imran Khan elected as prime minister of Pakistan in a vote at the National Assembly… https://t.co/oicoE4TKNT,@BBCBreaking
0.0,Thu Aug 16 14:42:45 +0000 2018,0.0,1.0,0.0,Aretha Franklin: The 'Queen of Soul' in her own words https://t.co/MxfBq9n0Id https://t.co/rT4RAMHHti,@BBCBreaking
0.5719,Thu Aug 16 14:21:20 +0000 2018,0.0,0.748,0.252,Aretha Franklin: Celebrating the life of the 'Queen of Soul' https://t.co/6EH1t1As1N https://t.co/NTX2mg6IGw,@BBCBreaking
0.8442,Thu Aug 16 14:07:50 +0000 2018,0.0,0.598,0.402,"'Queen of Soul' Aretha Franklin, whose stunning voice graced hits like Respect and I Say A Little Prayer, dies aged… https://t.co/OJ5yn1WInk",@BBCBreaking
0.0,Thu Aug 16 12:13:20 +0000 2018,0.0,1.0,0.0,Three-time Indian Prime Minister AB Vajpayee dies aged 93 https://t.co/fCCnzRBUvI,@BBCBreaking
0.0,Thu Aug 16 08:31:49 +0000 2018,0.0,1.0,0.0,More than one in four A-levels were graded A or A* this year - the highest proportion for six years https://t.co/QX6Vjsfr7w,@BBCBreaking
0.0516,Wed Aug 15 18:54:35 +0000 2018,0.112,0.765,0.122,"President Trump revokes the security clearance of ex-CIA director John Brennan, one of his frequent critics https://t.co/xXNyrXhLOu",@BBCBreaking
0.0,Wed Aug 15 13:33:39 +0000 2018,0.0,1.0,0.0,"Sir Cliff Richard ""welcomes"" decision by BBC not to appeal against ruling over its coverage of a police raid on his… https://t.co/X8abVJtsfK",@BBCBreaking
0.0,Wed Aug 15 13:02:06 +0000 2018,0.0,1.0,0.0,The BBC will not appeal against a ruling over its coverage of a police raid at Sir Cliff Richard's home in 2014 https://t.co/b4jzZf92ah,@BBCBreaking
0.3182,Wed Aug 15 08:32:42 +0000 2018,0.0,0.874,0.126,"UK inflation rate picks up to 2.5% in July, first increase since November, official figures show https://t.co/SMASwGV8wE",@BBCBreaking
-0.8271,Tue Aug 14 13:32:19 +0000 2018,0.339,0.661,0.0,"At least 22 people killed after collapse of motorway bridge in Genoa, Italian minister says

Latest:… https://t.co/sjLkK7wkXs",@BBCBreaking
-0.069,Tue Aug 14 11:46:23 +0000 2018,0.145,0.725,0.13,England cricketer Ben Stokes found not guilty of affray after fight outside Bristol nightclub https://t.co/0wyhalCFaf,@BBCBreaking
-0.5719,Tue Aug 14 11:38:32 +0000 2018,0.239,0.761,0.0,"Genoa motorway bridge collapse likely to be ""immense tragedy"", Italian transport minister says, with unconfirmed re… https://t.co/1SveRUzb1Z",@BBCBreaking
-0.8481,Tue Aug 14 10:54:15 +0000 2018,0.452,0.442,0.105,"#Westminster car attack: No other suspects identified and ""no intelligence at this time"" of further danger to Londo… https://t.co/lJl8nQBQW9",@BBCBreaking
0.0,Tue Aug 14 10:07:42 +0000 2018,0.0,1.0,0.0,"Rooftop camera shows moment car crashes into barriers outside Parliament

https://t.co/CprbiGZgrg #Westminster https://t.co/0noYclQNaR",@BBCBreaking
-0.8481,Tue Aug 14 09:36:07 +0000 2018,0.479,0.521,0.0,"#Westminster car crash is being treated as terror attack, London police say

https://t.co/CprbiGZgrg",@BBCBreaking
-0.6705,Tue Aug 14 08:37:59 +0000 2018,0.216,0.784,0.0,"UK unemployment fell by 65,000 to 1.36 million in three months to June - lowest for more than 40 years, figures show https://t.co/zfUxeY4uEa",@BBCBreaking
-0.4215,Tue Aug 14 08:24:27 +0000 2018,0.168,0.761,0.071,"London #Westminster incident update:

- Man arrested after car crashes into barriers outside Parliament
- Number of… https://t.co/gKtsnfyf54",@BBCBreaking
0.0,Tue Aug 14 07:19:06 +0000 2018,0.132,0.686,0.181,"A number of pedestrians have been injured after car crashed into security barriers outside Parliament, London polic… https://t.co/y0FUgD2jL6",@BBCBreaking
-0.1779,Tue Aug 14 07:04:16 +0000 2018,0.188,0.667,0.145,Man arrested after car crashes into security barriers outside Houses of Parliament https://t.co/TNPrEKUPHM,@BBCBreaking
-0.5719,Mon Aug 13 14:30:12 +0000 2018,0.207,0.793,0.0,"Dr Hadiza Bawa-Garba's case has exposed a ""raft of concerns"" around the role of criminal law in medicine, chief exe… https://t.co/XWrdrwypUJ",@BBCBreaking
-0.7096,Mon Aug 13 14:10:12 +0000 2018,0.258,0.742,0.0,"Doctor struck off over death of six-year-old Jack Adcock will be allowed to practise medicine again, UK court rules",@BBCBreaking
0.0,Sun Aug 12 07:37:03 +0000 2018,0.0,1.0,0.0,Lift off! Nasa launches the Parker Solar Probe on its mission to 'touch' the Sun https://t.co/dPxdBaG0Ic https://t.co/2Oo5TGLNFw,@BBCBreaking
-0.93,Sat Aug 11 16:36:19 +0000 2018,0.463,0.537,0.0,Two men arrested in the murder investigation of a seven-year-old boy who died in a house fire in London on Tuesday https://t.co/7mrVvlJG07,@BBCBreaking
0.0,Sat Aug 11 04:36:40 +0000 2018,0.0,1.0,0.0,All flights at Seattle airport are grounded after a passenger plane reportedly took off without permission https://t.co/Wv6BwdzAPI,@BBCBreaking
-0.7717,Fri Aug 10 13:21:18 +0000 2018,0.379,0.621,0.0,"Canada shooting: Suspect in custody after four killed in Fredericton, New Brunswick https://t.co/3uzkeWvgQY",@BBCBreaking
-0.5994,Fri Aug 10 11:41:18 +0000 2018,0.196,0.804,0.0,"""Multiple fatalities"" in shooting in eastern Canada, police say - Fredericton residents told to stay in homes https://t.co/8EIpgxp8aI",@BBCBreaking
-0.25,Fri Aug 10 09:05:48 +0000 2018,0.136,0.777,0.087,Mike Ashley's Sports Direct agrees to buy struggling UK department store chain House of Fraser for £90m https://t.co/DZWM5fuT5o,@BBCBreaking
0.3818,Fri Aug 10 08:33:11 +0000 2018,0.0,0.809,0.191,UK economic growth picks up to 0.4% between April and June https://t.co/1oMJQ64NqP,@BBCBreaking
-0.7351,Fri Aug 10 06:23:14 +0000 2018,0.281,0.67,0.049,Struggling department store House of Fraser calls in administrators as investors and creditors fail to reach a deal https://t.co/uyQzu8AM3B,@BBCBreaking
-0.296,Thu Aug 09 14:49:08 +0000 2018,0.095,0.905,0.0,"UK TV presenter Ant McPartlin to take break until 2019, missing next series of I'm A Celebrity &amp; Ant and Dec's Satu… https://t.co/lrEtx3xTN2",@BBCBreaking
0.0,Thu Aug 09 11:12:31 +0000 2018,0.121,0.759,0.121,Ex-UK foreign secretary Boris Johnson to be investigated by panel after complaints to Tory party over burka comments https://t.co/r027nO6hZr,@BBCBreaking
0.0,Thu Aug 09 11:01:16 +0000 2018,0.0,1.0,0.0,"Two Roman Catholic schools in England ""prioritised monks and reputation over protection of children"", report says https://t.co/th3Y5wCXrV",@BBCBreaking
-0.296,Thu Aug 09 06:21:14 +0000 2018,0.189,0.672,0.139,"Indonesian island of Lombok hit by strong magnitude 5.9 earthquake, following Sunday's tremor which killed at least… https://t.co/eKSIBdDjJr",@BBCBreaking
0.0,Thu Aug 09 05:59:55 +0000 2018,0.0,1.0,0.0,Argentina senators vote against legalising abortion in first 14 weeks of pregnancy https://t.co/iAP3d97c3F,@BBCBreaking
-0.4588,Wed Aug 08 19:19:28 +0000 2018,0.215,0.691,0.093,"US to impose fresh sanctions on Russia over nerve agent attack on ex-spy Sergei Skripal in UK, officials say https://t.co/y6wsQhXu5S",@BBCBreaking
0.7284,Tue Aug 07 19:56:27 +0000 2018,0.0,0.779,0.221,"RT @BBCSport: WOW! What a night for British sprinting. Zharnel Hughes takes the Men's 100m title!

Live: https://t.co/dLJlihtVeW
#EC2018 #b…",@BBCBreaking
0.636,Tue Aug 07 19:36:07 +0000 2018,0.0,0.811,0.189,"RT @BBCSport: British record 🎉

The joint-fastest time in the world this year 🔥 

European Champion 🥇

Dina Asher-Smith was FLYING! 🚀 

Liv…",@BBCBreaking
-0.9393,Tue Aug 07 15:38:00 +0000 2018,0.493,0.507,0.0,"Death of seven-year-old London boy who died in ""suspicious"" house fire is being treated as murder, police say https://t.co/f1qz17dnbv",@BBCBreaking
-0.6597,Tue Aug 07 10:49:22 +0000 2018,0.265,0.735,0.0,Six men found guilty of trying to smuggle Albanian migrants in a boat across the English Channel https://t.co/6wqOSdLHTQ,@BBCBreaking
0.0,Tue Aug 07 09:46:29 +0000 2018,0.0,1.0,0.0,Iran sanctions: Trump says anyone doing business with Iran will not be doing business with US https://t.co/UErnD5DT8u,@BBCBreaking
0.0,Tue Aug 07 07:58:19 +0000 2018,0.0,1.0,0.0,German court gives long jail terms to couple who sold their son on dark net to paedophiles https://t.co/i3gJwqv9Nn,@BBCBreaking
-0.8625,Sun Aug 05 21:53:34 +0000 2018,0.35,0.65,0.0,"Police investigating death of 28-year-old midwife Samantha Eastwood charge man, aged 32, from Stoke with her murder https://t.co/MqP6T7SAch",@BBCBreaking
-0.6705,Sun Aug 05 21:33:30 +0000 2018,0.184,0.816,0.0,"At least 82 people have been killed in the quake that hit the Indonesian tourist island of Lombok, officials say https://t.co/PjRjNv2RNn",@BBCBreaking
-0.5574,Sun Aug 05 17:17:48 +0000 2018,0.285,0.579,0.136,"A strong earthquake that hit Indonesia's Lombok island left at least 22 people dead, emergency officials say https://t.co/1JK1jeCTWH",@BBCBreaking
0.5106,Sun Aug 05 07:44:20 +0000 2018,0.141,0.549,0.31,"Barry Chuckle, half of the comedy duo the Chuckle Brothers, has died aged 73, his manager says https://t.co/4PtYpDUnIo",@BBCBreaking
0.1779,Sat Aug 04 23:14:15 +0000 2018,0.0,0.914,0.086,"Officials say explosive drones went off while President Nicolás Maduro was giving a live speech, but he is unharmed https://t.co/rtmXqYmli2",@BBCBreaking
-0.5574,Sat Aug 04 15:31:12 +0000 2018,0.261,0.739,0.0,UK police searching for missing midwife Samantha Eastwood find a body and arrest three men https://t.co/FoCRtnXlA9,@BBCBreaking
-0.8658,Fri Aug 03 14:51:42 +0000 2018,0.363,0.637,0.0,Youngest woman to be convicted of plotting terror attack on British soil jailed for life with 13-year minimum term https://t.co/xpdOWvnVCU,@BBCBreaking
-0.4404,Thu Aug 02 22:46:41 +0000 2018,0.208,0.676,0.116,Emmerson Mnangagwa declared winner of Zimbabwe’s presidential poll but his opponent Nelson Chamisa rejects result https://t.co/SdV49edI26,@BBCBreaking
0.34,Thu Aug 02 15:55:28 +0000 2018,0.0,0.87,0.13,"Apple has just become the first US company to hit a value of $1 trillion (that's $1,000,000,000,000) https://t.co/iA1JF5IwyQ",@BBCBreaking
0.4588,Thu Aug 02 11:01:13 +0000 2018,0.0,0.8,0.2,UK interest rate rises to 0.75% - the highest level since March 2009 https://t.co/GsZXj6uOHQ,@BBCBreaking
-0.2023,Thu Aug 02 08:30:03 +0000 2018,0.154,0.726,0.12,"Hosepipe ban for north-west England called off by supplier United Utilities, days before it was due to start https://t.co/6MYRBjgRV3",@BBCBreaking
0.0,Wed Aug 01 16:05:18 +0000 2018,0.0,1.0,0.0,"RT @BBCSport: The FA is considering putting England forward as a potential host for the 2030 World Cup.
https://t.co/tdHuLU90r4 https://t.c…",@BBCBreaking
0.4767,Wed Aug 01 09:41:30 +0000 2018,0.148,0.506,0.346,Former EDL leader Tommy Robinson freed on bail after winning legal challenge against contempt of court finding https://t.co/YekFys62a7,@BBCBreaking
0.0,Tue Jul 31 21:41:13 +0000 2018,0.0,1.0,0.0,"Plane with at least 80 on board crashes in Mexican city of Durango, local media report https://t.co/BrNF7LDkq8",@BBCBreaking
-0.7783,Tue Jul 31 15:49:55 +0000 2018,0.274,0.726,0.0,"UK man jailed for 17 years for manslaughter, after woman was splashed with acid and died 11 days later https://t.co/C23RYKyjo6",@BBCBreaking
-0.2192,Mon Jul 30 09:16:49 +0000 2018,0.214,0.608,0.178,"Doctors and families can agree to allow people in long-term vegetative states to die without legal application, UK… https://t.co/nau6IaaFAe",@BBCBreaking
0.6239,Sun Jul 29 17:12:57 +0000 2018,0.0,0.83,0.17,"RT @BBCSport: Geraint Thomas has done it! 👏🏴󠁧󠁢󠁷󠁬󠁳󠁿

He's become the first ever Welshman to win the Tour de France 👉 https://t.co/ZtkRdPtGio…",@BBCBreaking
0.765,Sun Jul 29 14:58:52 +0000 2018,0.0,0.769,0.231,"RT @BBCSport: Lewis Hamilton has won the #HungarianGP for the sixth time. 

His lead in the championship is up to 24 points.

Reaction: htt…",@BBCBreaking
-0.8658,Fri Jul 27 05:53:04 +0000 2018,0.447,0.553,0.0,Five dead and five injured after car and minibus crash on A96 in Moray https://t.co/1jBgjqgX7P,@BBCBreaking
-0.8555,Fri Jul 27 01:59:48 +0000 2018,0.344,0.656,0.0,"North Korea has returned the remains of US troops killed during the Korean War, White House confirms https://t.co/rpsPNChksr",@BBCBreaking
0.0,Thu Jul 26 23:04:29 +0000 2018,0.0,1.0,0.0,"More than 1,800 migrant children in US reunited with family members by a court-ordered deadline, government says https://t.co/pzjlsaBOrN",@BBCBreaking
-0.3182,Thu Jul 26 12:17:23 +0000 2018,0.126,0.874,0.0,Former cricketer Imran Khan claims victory in Pakistan's election amid accusations of vote rigging by rivals https://t.co/r8z5wnYu7z,@BBCBreaking
0.2263,Thu Jul 26 09:56:02 +0000 2018,0.065,0.783,0.152,"BBC agrees to pay Sir Cliff Richard £850,000 within 14 days to cover his legal costs after privacy ruling https://t.co/lP9aHPHNZO",@BBCBreaking
0.0,Thu Jul 26 06:41:03 +0000 2018,0.0,1.0,0.0,"Explosion reported close to the US embassy in Beijing, according to multiple eyewitness reports on social media https://t.co/f2RzOOnzre",@BBCBreaking
0.0,Wed Jul 25 23:49:08 +0000 2018,0.0,1.0,0.0,Conservatives in US Congress start impeachment process in effort to oust Deputy Attorney General Rod Rosenstein https://t.co/hbPIHoRp08,@BBCBreaking
0.0,Wed Jul 25 14:22:52 +0000 2018,0.0,1.0,0.0,"Scientists believe they've found liquid water on Mars for the first time, a potential game-changer in the search fo… https://t.co/W8UcZKBCjA",@BBCBreaking
-0.4767,Wed Jul 25 10:21:24 +0000 2018,0.207,0.717,0.076,Can you own a shape? Kit Kat loses its 16-year battle to trademark a four-fingered wafer bar at top EU court https://t.co/CI8XIU4wxz,@BBCBreaking
-0.9531,Wed Jul 25 06:06:04 +0000 2018,0.503,0.497,0.0,Suicide attacks in southern Syria kill at least 38 people - Islamic State group says it was behind the violence https://t.co/iWxeypEWIL,@BBCBreaking
-0.5859,Tue Jul 24 14:53:07 +0000 2018,0.246,0.654,0.1,DUP MP Ian Paisley suspended from Commons after he failed to declare holidays paid for by Sri Lankan government https://t.co/b3aKthkEfy,@BBCBreaking
-0.7845,Tue Jul 24 14:46:27 +0000 2018,0.315,0.685,0.0,"At least 74 people killed in wildfires close to Athens, Greek fire brigade official says

https://t.co/hXxldenh2P https://t.co/pv1gvtIsfl",@BBCBreaking
0.0,Tue Jul 24 11:41:03 +0000 2018,0.0,1.0,0.0,"Israel shoots down Syrian warplane flying over its airspace in southern Golan, Israeli army says https://t.co/1q1iAVx4Wt",@BBCBreaking
-0.6369,Tue Jul 24 11:31:53 +0000 2018,0.257,0.743,0.0,Greek PM Alexis Tsipras declares three-day period of mourning for victims of deadly wildfires in Greece… https://t.co/u28o5XTA4s,@BBCBreaking
-0.6705,Tue Jul 24 10:54:27 +0000 2018,0.209,0.791,0.0,"At least 60 people killed in Greece wildfires in the Attica region around Athens, local official says… https://t.co/nsLJ8RKq84",@BBCBreaking
-0.4926,Tue Jul 24 10:28:15 +0000 2018,0.181,0.819,0.0,"RT @BBCSport: Race stopped!

The 16th stage of the #TDF2018 has been put on pause due to a protest.

Live: https://t.co/6AsDSFzMjQ https://…",@BBCBreaking
-0.8126,Tue Jul 24 08:08:46 +0000 2018,0.378,0.565,0.057,"Hundreds missing and an unknown number dead after dam collapses in Laos, state news agency reports https://t.co/ET8e1BBRUI",@BBCBreaking
-0.8709,Tue Jul 24 06:55:17 +0000 2018,0.395,0.513,0.092,"Greece wildfires:

- at least 50 killed
- more than 100 injured
- Greece issues appeal for help
- worst recorded wi… https://t.co/cQYljPSLMd",@BBCBreaking
-0.8555,Tue Jul 24 06:16:46 +0000 2018,0.375,0.625,0.0,At least 50 people now reported dead in Greece's worst wildfires in more than a decade https://t.co/0NvP8xdqDA,@BBCBreaking
-0.7964,Mon Jul 23 05:44:30 +0000 2018,0.367,0.633,0.0,Three men arrested in London over suspected acid attack on three-year-old boy in Worcester on Saturday https://t.co/1lyDT0owWH,@BBCBreaking
-0.8126,Sun Jul 22 10:24:38 +0000 2018,0.461,0.539,0.0,"Three-year-old boy seriously injured in suspected ""deliberate"" acid attack in Worcester, England, police say https://t.co/UIMDWhVvOw",@BBCBreaking
-0.5574,Fri Jul 20 21:11:50 +0000 2018,0.141,0.859,0.0,"Nine of the 17 people who died when a tour boat sank in a Missouri lake were from the same family, the governor of… https://t.co/eiWoSusxIl",@BBCBreaking
-0.6908,Fri Jul 20 16:36:21 +0000 2018,0.263,0.737,0.0,"Novichok victim Charlie Rowley released from UK hospital, days after partner died following exposure to nerve agent https://t.co/0yVOwGyNys",@BBCBreaking
0.0,Fri Aug 24 19:30:14 +0000 2018,0.0,1.0,0.0,WHALE CAM: New underwater footage offers an intimate look at the life of humpback whales -- and you're going to wan… https://t.co/TohvOm2K2H,@CBSNews
-0.2263,Fri Aug 24 19:19:54 +0000 2018,0.187,0.7,0.113,"""Not a good time"" for maternity leave: Woman says she was fired over text message after telling manager she was pre… https://t.co/S41kn5TLiP",@CBSNews
0.0,Fri Aug 24 19:05:00 +0000 2018,0.0,1.0,0.0,"Serena Williams won't be allowed to wear her skin-tight, ""Black Panther-inspired"" black catsuit at the French Open… https://t.co/DP91GAMJPq",@CBSNews
0.0,Fri Aug 24 18:49:33 +0000 2018,0.0,1.0,0.0,Hundreds of tourists were evacuated from a hotel in Egypt after the deaths of two British tourists and reports of s… https://t.co/rRzo00ocwJ,@CBSNews
0.0,Fri Aug 24 18:30:02 +0000 2018,0.0,1.0,0.0,UP TO SPEED: Verizon says it has removed speed cap restrictions for first responders on the West Coast — after thei… https://t.co/8UnY1mLRtZ,@CBSNews
-0.25,Fri Aug 24 18:14:45 +0000 2018,0.111,0.889,0.0,Italian migrants stranded on a coast guard ship are hunger striking to send a message to their government… https://t.co/2qxk3R7kPg,@CBSNews
-0.5267,Fri Aug 24 17:59:56 +0000 2018,0.145,0.855,0.0,"TAKE MY WIFE: GOP Rep. Duncan Hunter, who was indicted for campaign violations, points the finger at his wife. ""Wha… https://t.co/J6ARKYnRaB",@CBSNews
0.0,Fri Aug 24 17:44:54 +0000 2018,0.0,1.0,0.0,HURRICANE LANE: Flooding closes major roads on Hawaii's Big Island and a brushfire on Maui forces relocation of a s… https://t.co/oZx48n4Q4I,@CBSNews
-0.2023,Fri Aug 24 17:29:42 +0000 2018,0.096,0.904,0.0,President Trump is complaining about the pace of interest-rate increases. But the Federal Reserve chairman? Not so… https://t.co/oMtjvliEuu,@CBSNews
-0.802,Fri Aug 24 17:14:43 +0000 2018,0.275,0.725,0.0,"John Lennon's killer Mark David Chapman has been denied parole for the 10th time. A parole board said his release ""… https://t.co/qoODQOabFF",@CBSNews
-0.3818,Fri Aug 24 17:14:43 +0000 2018,0.14,0.785,0.074,"South Africa has summoned the top U.S. diplomat in the country to ""convey the unhappiness of the people"" over Trump… https://t.co/RLOEljWNCK",@CBSNews
-0.6705,Fri Aug 24 17:09:14 +0000 2018,0.314,0.686,0.0,JUST IN: Manhattan district attorney is considering criminal charges against the Trump Organization… https://t.co/fWJ8YOpZMW,@CBSNews
0.4215,Fri Aug 24 17:00:16 +0000 2018,0.0,0.851,0.149,Hurricane Lane dipped from a powerful Category 3 storm to a still-strong Category 2 on Friday as it churned slowly… https://t.co/vNBa3rZKVv,@CBSNews
-0.1779,Fri Aug 24 16:45:34 +0000 2018,0.18,0.669,0.151,"JUST IN: Robin Leach, host of ""Lifestyles of the Rich and Famous,"" is dead at 76 https://t.co/5uSv21WE6e https://t.co/KPJWd4bv2j",@CBSNews
-0.8074,Fri Aug 24 16:40:00 +0000 2018,0.422,0.578,0.0,Former CDC director Thomas Frieden arrested on sex abuse charge https://t.co/CxKzcT39iY https://t.co/SRKvkAnJUl,@CBSNews
0.4767,Fri Aug 24 16:29:45 +0000 2018,0.0,0.86,0.14,"Crabs are friends, not food. Or at least that's the message of a billboard that recently went up in Baltimore:… https://t.co/i8cJaHD5aB",@CBSNews
-0.6124,Fri Aug 24 16:28:33 +0000 2018,0.185,0.815,0.0,"RT @CBSSunday: COMING UP SUNDAY 

2 out of 3 people over age 70 have trouble hearing. Only about 20% of adults who have hearing loss actual…",@CBSNews
0.1531,Fri Aug 24 16:09:42 +0000 2018,0.0,0.922,0.078,"A 4-minute video of Beto O'Rourke, the Texas Democrat challenging Ted Cruz for his Senate seat, is going viral for… https://t.co/RSm9Dhfa3Z",@CBSNews
0.25,Fri Aug 24 15:50:09 +0000 2018,0.0,0.895,0.105,"NEW: Trump Organization CFO Allen Weisselberg has been granted immunity in connection with Michael Cohen probe, acc… https://t.co/PplABD6moM",@CBSNews
0.5267,Fri Aug 24 15:44:14 +0000 2018,0.0,0.855,0.145,"Former Secretary of State @JohnKerry describes Sen. John McCain as ""a brave man showing us once again what the word… https://t.co/7oOOB0PH9m",@CBSNews
0.787,Fri Aug 24 15:33:49 +0000 2018,0.0,0.697,0.303,".@SenateMajLdr Mitch McConnell on McCain's announcement: ""We are so fortunate to call him our friend and colleague.… https://t.co/0c5sGacAdD",@CBSNews
-0.3612,Fri Aug 24 15:29:39 +0000 2018,0.22,0.65,0.13,"MAVERICK MOMENTS: The life of John McCain, war hero and senator, in pictures. His family announced he will stop tre… https://t.co/nzGstJmUxa",@CBSNews
0.1531,Fri Aug 24 15:25:05 +0000 2018,0.0,0.929,0.071,"""If you talk to any senator on Capitol Hill, they will say that John McCain is a fighter's fighter. They never coun… https://t.co/oKevG2dUrY",@CBSNews
0.908,Fri Aug 24 15:22:35 +0000 2018,0.0,0.625,0.375,"""My family is deeply appreciative of all the love and generosity you have shown us during this past year,"" Meghan M… https://t.co/xyQqdGDbkU",@CBSNews
0.4215,Fri Aug 24 15:19:40 +0000 2018,0.0,0.872,0.128,"""John has surpassed expectations for his survival. But the progress of disease and the inexorable advance of age re… https://t.co/o6cAK9Opq6",@CBSNews
-0.6597,Fri Aug 24 15:18:32 +0000 2018,0.188,0.812,0.0,BREAKING: Sen. John McCain is discontinuing medical treatment for brain cancer. His family said his age and the pro… https://t.co/WoPRCr03pp,@CBSNews
0.0,Fri Aug 24 15:14:46 +0000 2018,0.0,1.0,0.0,Election officials scrap plan to close polls in majority-black Georgia county https://t.co/Nm3o1yAoWq https://t.co/77tRY83aTQ,@CBSNews
-0.7906,Fri Aug 24 15:13:36 +0000 2018,0.28,0.72,0.0,"JUST IN: Sen. John McCain has ""chosen to discontinue medical treatment"" amid his battle with brain cancer, his fami… https://t.co/RJRqVYMvpe",@CBSNews
-0.25,Fri Aug 24 14:59:43 +0000 2018,0.125,0.875,0.0,"Eagles coach Doug Pederson says it's the players' ""right"" to protest during anthem https://t.co/WWdnyvGjca https://t.co/CrFGlNM8O7",@CBSNews
-0.8316,Fri Aug 24 14:44:46 +0000 2018,0.328,0.672,0.0,"Fired Texas officer says it was ""sickening"" when he realized he fatally shot boy in car https://t.co/gONdwZoXgz https://t.co/nnFuRO42nR",@CBSNews
-0.3182,Fri Aug 24 14:29:40 +0000 2018,0.126,0.874,0.0,"Ebola spreads to Democratic Republic of Congo conflict zone in scenario health officials have been ""dreading""… https://t.co/ZJoRAkZT01",@CBSNews
0.0,Fri Aug 24 14:14:44 +0000 2018,0.0,1.0,0.0,Pelosi says she isn't going anywhere https://t.co/eA7l36aF9A https://t.co/VVk9T6LJAF,@CBSNews
0.8506,Fri Aug 24 14:00:05 +0000 2018,0.0,0.623,0.377,WARM WELCOME: 80 men dressed in suits greet 60 fourth-grade boys on the first day of school in emotional video.… https://t.co/1V8bXVV5OF,@CBSNews
0.0,Fri Aug 24 13:44:48 +0000 2018,0.0,1.0,0.0,Trump administration looks to keep high-tax states in line with deduction rules https://t.co/ESxSFjoPX9 https://t.co/HAtbzhpPfi,@CBSNews
-0.1531,Fri Aug 24 13:29:47 +0000 2018,0.096,0.904,0.0,"Natasha Aponte, woman who tricked thousands of men on Tinder, explains purpose behind dating competition… https://t.co/HOmvxnbyqv",@CBSNews
-0.765,Fri Aug 24 13:15:00 +0000 2018,0.306,0.694,0.0,A doctor is accused of killing his wife and daughter with a yoga ball filled with gas https://t.co/TAHcZKLdkO https://t.co/FMoKkOlchg,@CBSNews
-0.765,Fri Aug 24 13:00:18 +0000 2018,0.336,0.664,0.0,"Mollie Tibbetts' suspected killer acted normally during search, coworker says: ""It's just hard to understand what h… https://t.co/hzfeqdq220",@CBSNews
0.1779,Fri Aug 24 12:39:53 +0000 2018,0.0,0.892,0.108,People are growing marijuana illegally in national forests -- and it's ravaging them https://t.co/bB2oUr2fBn https://t.co/zo6IhhvxSX,@CBSNews
-0.5423,Fri Aug 24 12:19:46 +0000 2018,0.212,0.788,0.0,"Former Playboy model Christina Carlin-Kraft found strangled inside her home, sources say https://t.co/xfRLx7df4V https://t.co/PZOD7YJw9W",@CBSNews
0.0,Fri Aug 24 12:04:20 +0000 2018,0.0,1.0,0.0,WATCH: A late-night guest checked into this Colorado hotel last night -- a bear that wandered right into the lobby… https://t.co/O4kQnWE6iP,@CBSNews
0.0,Fri Aug 24 11:48:17 +0000 2018,0.0,1.0,0.0,"RT @CBSThisMorning: Hurricane Lane is blasting Hawaii, harder than any storm in a quarter century. Torrential rain is soaking cities and to…",@CBSNews
0.0,Fri Aug 24 11:47:27 +0000 2018,0.0,1.0,0.0,"President Trump responds to Jeff Sessions speaking out: ""Come on Jeff, you can do it, the country is waiting!""… https://t.co/8PI1C33M7E",@CBSNews
0.4019,Fri Aug 24 11:19:53 +0000 2018,0.0,0.838,0.162,"Australian Prime Minister Malcolm Turnbull ousted in party coup, Scott Morrison to replace him… https://t.co/MRLocbWXBR",@CBSNews
-0.6249,Fri Aug 24 10:59:33 +0000 2018,0.272,0.728,0.0,"For historically black colleges, racism raises costs, new research suggests: https://t.co/gSUxxf4P1i https://t.co/2ptqUbDGSF",@CBSNews
0.0,Fri Aug 24 10:50:18 +0000 2018,0.0,1.0,0.0,RT @CBSThisMorning: Here's a preview of what's coming up on @CBSThisMorning. See you at 7. https://t.co/4i4b7BUq2z,@CBSNews
0.0,Fri Aug 24 10:49:10 +0000 2018,0.0,1.0,0.0,AHEAD: @CBSThisMorning was there to watch an undercover raid as federal agents bust a marijuana operation in a nati… https://t.co/DlErct3EgR,@CBSNews
0.0,Fri Aug 24 10:44:31 +0000 2018,0.0,1.0,0.0,AHEAD: @CBSThisMorning reports from Hawaii's Big Island where there's more than a foot of rain from Hurricane Lane.… https://t.co/RVHBK6XfzV,@CBSNews
0.4215,Fri Aug 24 10:40:03 +0000 2018,0.0,0.843,0.157,#HurricaneLane is still a powerful Category 3 storm as it churnes slowly north-northwest toward the Hawaiian Island… https://t.co/J7FAogJagO,@CBSNews
0.4782,Fri Aug 24 10:19:55 +0000 2018,0.0,0.881,0.119,"An asteroid bigger than the pyramids in Egypt will zoom by Earth next week, but don't worry -- it's not going to sl… https://t.co/TV0LRyXAkj",@CBSNews
0.1779,Fri Aug 24 10:03:03 +0000 2018,0.146,0.662,0.192,"There's ""no safe level of alcohol,"" major new study concludes https://t.co/uXHl3CW9qi https://t.co/PLeHMJ4p3e",@CBSNews
-0.34,Fri Aug 24 09:48:04 +0000 2018,0.156,0.844,0.0,Feds use facial recognition to arrest man trying to enter U.S. illegally https://t.co/GgeWUWGPIQ https://t.co/mmf9v0YlOT,@CBSNews
0.0,Fri Aug 24 09:38:26 +0000 2018,0.0,1.0,0.0,"How much will a ""culture of corruption"" factor into midterm messaging for Democrats? https://t.co/I6BZAqovVd https://t.co/Z6Mp2HnoRN",@CBSNews
0.1779,Fri Aug 24 09:30:21 +0000 2018,0.0,0.876,0.124,Members of Amazon tribe never seen by outsiders filmed by drone https://t.co/t7gRm1CMqA https://t.co/h67UOG0wL2,@CBSNews
0.0,Fri Aug 24 09:18:04 +0000 2018,0.0,1.0,0.0,"Mayim Bialik opens up on ""Big Bang Theory"" ending, how it feels returning to set https://t.co/I8Kvc2lFH3 https://t.co/hJTGrFMgxT",@CBSNews
-0.3612,Fri Aug 24 09:03:04 +0000 2018,0.238,0.762,0.0,Google disables suspicious accounts linked to Iran https://t.co/n9PsYCq4GL https://t.co/W9V5xB7l3y,@CBSNews
0.0,Fri Aug 24 08:48:03 +0000 2018,0.0,1.0,0.0,South Africa hits back at Trump over land seizure tweet https://t.co/VohRW1WPAz https://t.co/ogbJIRelRB,@CBSNews
0.6369,Fri Aug 24 08:33:03 +0000 2018,0.0,0.704,0.296,"The best ""green"" car deals you can get now https://t.co/rSFozffurw https://t.co/dSUtSff4Ks",@CBSNews
-0.4404,Fri Aug 24 08:18:04 +0000 2018,0.263,0.61,0.127,Michigan mom says 911 refused to send help with 2-month-old trapped in hot car https://t.co/jA0z0M4Ahi https://t.co/IEV9oyXKyr,@CBSNews
0.4215,Fri Aug 24 08:10:07 +0000 2018,0.0,0.797,0.203,"Hurricane Lane: Powerful Category 3 storm on ""perilously close"" track to Hawaii https://t.co/t26vvLBfsm",@CBSNews
0.3612,Fri Aug 24 08:03:05 +0000 2018,0.0,0.839,0.161,"General Mills ditching ""100 percent natural"" claim in Nature Valley granola bars https://t.co/8iLbMwCGTp https://t.co/fUvP7TgQdO",@CBSNews
0.0,Fri Aug 24 07:48:04 +0000 2018,0.0,1.0,0.0,Prehistoric female's mom was a Neanderthal and her dad was something else https://t.co/5JOJByyxKV https://t.co/YeawT0hGSq,@CBSNews
0.0,Fri Aug 24 07:33:04 +0000 2018,0.0,1.0,0.0,"Kroger, nation's largest grocery chain, eliminates plastic bags https://t.co/f8yVfe5OWU https://t.co/UvemuB8skS",@CBSNews
0.1531,Fri Aug 24 07:18:04 +0000 2018,0.118,0.724,0.158,Video shows man charged in family's slayings giving a presentation on relationships https://t.co/VesOgOL8ve https://t.co/j5367twvAE,@CBSNews
0.0,Fri Aug 24 07:03:03 +0000 2018,0.0,1.0,0.0,"""Big Bang Theory"" cast reacts to news of show ending https://t.co/ZDkWNme685 https://t.co/EZ3iIXSQEu",@CBSNews
-0.1531,Fri Aug 24 06:48:04 +0000 2018,0.096,0.904,0.0,"Natasha Aponte, woman who tricked thousands of men on Tinder, explains purpose behind dating competition… https://t.co/YH8zFDd7im",@CBSNews
-0.1027,Fri Aug 24 06:33:03 +0000 2018,0.104,0.896,0.0,"John Bolton, bound for Ukraine military parade, warns Russia about meddling https://t.co/Amqu0r2R8Q https://t.co/m0BhsOsUKe",@CBSNews
0.0,Fri Aug 24 06:18:03 +0000 2018,0.0,1.0,0.0,"32 children's medicines recalled for possible ""microbial contamination"" https://t.co/dA9qhFRMpt https://t.co/5Z6I0pupJd",@CBSNews
-0.4939,Fri Aug 24 06:03:04 +0000 2018,0.225,0.775,0.0,"""Small Animals"": What happens when parenting is ruled by fear? https://t.co/VgUNVpoKUg https://t.co/apiiSWpDYR",@CBSNews
-0.802,Fri Aug 24 06:00:29 +0000 2018,0.275,0.725,0.0,Fired for being pregnant?: A woman says she was fired via text message shortly after telling her manager she was pr… https://t.co/Hp10a7QbPU,@CBSNews
0.3252,Fri Aug 24 05:48:04 +0000 2018,0.0,0.794,0.206,"Duncan Hunter arraigned in California, pleads not guilty https://t.co/qewrwKm5f1 https://t.co/V6zl61LS1k",@CBSNews
-0.4019,Fri Aug 24 05:33:05 +0000 2018,0.172,0.828,0.0,Blind veteran rowing from California to Hawaii prepares to ride out hurricane https://t.co/od8y8QXofN https://t.co/BnKLvKgPSK,@CBSNews
0.0,Fri Aug 24 05:18:04 +0000 2018,0.0,1.0,0.0,"School's back in session, but many teachers aren't returning https://t.co/ijJCtCItdP https://t.co/i8en2Cf9sk",@CBSNews
-0.34,Fri Aug 24 05:03:05 +0000 2018,0.156,0.844,0.0,Feds use facial recognition to arrest man trying to enter U.S. illegally https://t.co/OyD17FDbKR https://t.co/oNIdv4nT5z,@CBSNews
0.0,Fri Aug 24 04:48:03 +0000 2018,0.0,1.0,0.0,"Mayim Bialik opens up on ""Big Bang Theory"" ending, how it feels returning to set https://t.co/pHzQEnmEOr https://t.co/jwxlB81bvv",@CBSNews
0.0,Fri Aug 24 04:33:03 +0000 2018,0.0,1.0,0.0,South Africa hits back at Trump over land seizure tweet https://t.co/6PKvbi0DwI https://t.co/2SW57yRGXi,@CBSNews
-0.5574,Fri Aug 24 04:18:03 +0000 2018,0.247,0.753,0.0,"Mollie Tibbetts died from ""multiple sharp force injuries,"" autopsy finds https://t.co/ZEWeOKldeW https://t.co/Pi9GULxCF2",@CBSNews
-0.8658,Fri Aug 24 04:03:03 +0000 2018,0.492,0.508,0.0,Urban Meyer's 3-game suspension for handling of abuse complaint sparks outrage https://t.co/Fhdl0poSni https://t.co/povUeH0nBY,@CBSNews
0.4019,Fri Aug 24 04:02:05 +0000 2018,0.0,0.838,0.162,"Australian Prime Minister Malcolm Turnbull ousted in party coup, Scott Morrison to replace him… https://t.co/GKIOqC6NOb",@CBSNews
0.0,Fri Aug 24 03:56:22 +0000 2018,0.0,1.0,0.0,Hurricane Lane is approaching the Hawaiian Islands. Follow the storm with our live coverage throughout the night on… https://t.co/uTRf7ZxxGo,@CBSNews
0.0,Fri Aug 24 03:48:03 +0000 2018,0.0,1.0,0.0,Backlash grows over poll closures in predominantly black Georgia county https://t.co/lD9RM3oq6M https://t.co/ZePVhRnYuL,@CBSNews
-0.4404,Fri Aug 24 03:37:05 +0000 2018,0.132,0.868,0.0,"“We are scared because we never expected a hurricane, we never experienced one,” says one of the 270,000 tourists v… https://t.co/pZQQv1kFdK",@CBSNews
0.0,Fri Aug 24 03:33:03 +0000 2018,0.0,1.0,0.0,Tom Steyer slams Washington establishment for not pursuing Trump impeachment https://t.co/ffkiTAtNfA https://t.co/GcfgQWL5nD,@CBSNews
0.3182,Fri Aug 24 03:18:03 +0000 2018,0.141,0.603,0.256,"Reality Winner, who pleaded guilty to leaking secret U.S. report, gets 63-month sentence https://t.co/QPGA5647nb https://t.co/sFLbNm73z0",@CBSNews
0.0,Fri Aug 24 03:03:02 +0000 2018,0.0,1.0,0.0,"Would stocks ""crash"" if Trump were impeached? https://t.co/ZXR3RZ8MQL https://t.co/qC9bYEV1NQ",@CBSNews
0.1779,Fri Aug 24 02:50:06 +0000 2018,0.146,0.662,0.192,"There's ""no safe level of alcohol,"" major new study concludes https://t.co/SYXJyvWZ46 https://t.co/L4g1IMXl6b",@CBSNews
-0.7189,Fri Aug 24 02:16:12 +0000 2018,0.214,0.786,0.0,"One woman says she was fired from her job at a sub shop via text message with her manager saying it's ""not a good t… https://t.co/TuXtFfZXHC",@CBSNews
0.0,Fri Aug 24 01:55:35 +0000 2018,0.0,1.0,0.0,"DNC chair Tom Perez says proposed rule change to limit the influence of superdelegates will ""return power"" to grass… https://t.co/9WhNpEvM1P",@CBSNews
0.0,Fri Aug 24 01:34:55 +0000 2018,0.0,1.0,0.0,"""MOM-SHAMED"": An Illinois mom says cops were called when 8-year-old daughter walked dog alone… https://t.co/kYO0WwUg02",@CBSNews
-0.4588,Fri Aug 24 01:15:01 +0000 2018,0.212,0.708,0.08,"Top CEOs, including leaders at JPMorgan Chase, Apple and IBM, warn Trump's immigration policies pose a threat to th… https://t.co/KlnduNBTkQ",@CBSNews
-0.9081,Fri Aug 24 00:54:52 +0000 2018,0.401,0.599,0.0,A man has been found guilty of murder in the shooting death of a Chicago teen who performed at Obama's inauguration… https://t.co/WacMA3AzX1,@CBSNews
-0.7096,Fri Aug 24 00:34:49 +0000 2018,0.304,0.584,0.113,"National Enquirer kept a safe with damaging Trump stories, including documents on hush money payments, it killed as… https://t.co/Nz8f9KydzE",@CBSNews
-0.3818,Fri Aug 24 00:17:07 +0000 2018,0.133,0.867,0.0,"Hawaii’s governor, other officials provide update on Hurricane Lane in Honolulu. A state of emergency has been decl… https://t.co/XAhmkQ9BL4",@CBSNews
0.3108,Fri Aug 24 00:00:48 +0000 2018,0.0,0.91,0.09,"SAFETY FIRST: Why did this alligator cross the road? We don't know, but at least it got to the other side using a c… https://t.co/p8tVfB0gRq",@CBSNews
0.4215,Thu Aug 23 23:39:45 +0000 2018,0.0,0.877,0.123,"""The time has come for the United States of America to ... establish a permanent presence around and on the moon"":… https://t.co/OHj8XzpDJ4",@CBSNews
0.743,Thu Aug 23 23:20:07 +0000 2018,0.0,0.751,0.249,WATCH: Sgt. John Chapman has received the Medal of Honor 16 years after sacrificing his life in an Afghanistan batt… https://t.co/MmlUkIFDBz,@CBSNews
0.0772,Thu Aug 23 23:03:38 +0000 2018,0.0,0.936,0.064,"RT @CBSEveningNews: A grueling, 2,400-mile rowing race from California to Hawaii would be a challenge for just about anyone. 

But just ima…",@CBSNews
0.2263,Thu Aug 23 23:03:32 +0000 2018,0.0,0.905,0.095,"""What's your name?""

""It doesn't matter.""

""It does matter.""

Dramatic video shows two Fort Worth police officers s… https://t.co/QU3dzYXmqg",@CBSNews
-0.7964,Thu Aug 23 22:58:03 +0000 2018,0.307,0.693,0.0,Pope Francis is in Ireland this weekend amid the child abuse scandal in U.S. churches.  @JonVigliotti reporting.… https://t.co/cwUg6YfSRK,@CBSNews
0.4847,Thu Aug 23 22:54:30 +0000 2018,0.0,0.813,0.187,"California Rep. Duncan Hunter and his wife pleaded not guilty to charges that they used $250,000 in campaign funds… https://t.co/nfqFtxNkZN",@CBSNews
-0.6908,Thu Aug 23 22:49:32 +0000 2018,0.198,0.802,0.0,"New details were released today in the murder of Mollie Tibbetts, the 20-year-old Iowa college student whose body w… https://t.co/KSI7yduQYd",@CBSNews
